year,importer1,importer2,flow1,flow2
2012,ECON,ECON,1,1
2012,ECON,GEOG,1,1
2012,ECON,MGRC,1,1
2012,ECON,SPOL,1,1
2012,GEOG,GEOG,1,1
2012,GEOG,MGRC,1,1
2012,GEOG,SPOL,1,1
2012,MGRC,MGRC,1,1
2012,MGRC,SPOL,1,1
2012,SPOL,SPOL,1,1
2012,PSYC,PSYC,67,67
2012,PSYC,SSCM,67,67
2012,SSCM,SSCM,67,67
2012,SOCS,SOCS,3,3
2012,SOCS,SSCM,3,3
2012,SOCS,VESC,3,3
2012,SSCM,SSCM,3,3
2012,SSCM,VESC,3,3
2012,VESC,VESC,3,3
2012,BIOC,BIOC,3,3
2012,BIOC,MVSF,3,3
2012,BIOC,PHPH,3,3
2012,BIOC,SOCS,3,3
2012,MVSF,MVSF,3,3
2012,MVSF,PHPH,3,3
2012,MVSF,SOCS,3,3
2012,PHPH,PHPH,3,3
2012,PHPH,SOCS,3,3
2012,SOCS,SOCS,3,3
2012,HUMS,HUMS,2,2
2012,HUMS,SPAI,2,2
2012,SPAI,SPAI,2,2
2012,BIOC,BIOC,1,1
2012,BIOC,ORDS,1,1
2012,BIOC,PANM,1,1
2012,BIOC,SOCS,1,1
2012,ORDS,ORDS,1,1
2012,ORDS,PANM,1,1
2012,ORDS,SOCS,1,1
2012,PANM,PANM,1,1
2012,PANM,SOCS,1,1
2012,SOCS,SOCS,1,1
2012,BIOC,BIOC,40,40
2012,BIOC,PHPH,40,40
2012,PHPH,PHPH,40,40
2012,EENG,EENG,2,2
2012,EENG,IFAC,2,2
2012,EENG,PHYS,2,2
2012,IFAC,IFAC,2,2
2012,IFAC,PHYS,2,2
2012,PHYS,PHYS,2,2
2012,VCAD,VCAD,2,2
2012,VCAD,VESC,2,2
2012,VCAD,VPIM,2,2
2012,VESC,VESC,2,2
2012,VESC,VPIM,2,2
2012,VPIM,VPIM,2,2
2012,DPPP,DPPP,28,28
2012,DPPP,VICH,28,28
2012,VICH,VICH,28,28
2012,EENG,EENG,1,1
2012,EENG,VESC,1,1
2012,VESC,VESC,1,1
2012,CHEM,CHEM,8,8
2012,CHEM,MATH,8,8
2012,CHEM,PHYS,8,8
2012,MATH,MATH,8,8
2012,MATH,PHYS,8,8
2012,PHYS,PHYS,8,8
2012,CIVE,CIVE,1,1
2012,CIVE,MVEN,1,1
2012,MVEN,MVEN,1,1
2012,MSAD,MSAD,9,9
2012,MSAD,PANM,9,9
2012,PANM,PANM,9,9
2012,ORDS,ORDS,1,1
2012,ORDS,PHYS,1,1
2012,PHYS,PHYS,1,1
2012,ORDS,ORDS,1,1
2012,ORDS,PSYC,1,1
2012,ORDS,SOCS,1,1
2012,PSYC,PSYC,1,1
2012,PSYC,SOCS,1,1
2012,SOCS,SOCS,1,1
2012,CHEM,CHEM,3,3
2012,CHEM,QUEN,3,3
2012,QUEN,QUEN,3,3
2012,NCCC,NCCC,2,2
2012,NCCC,SSCM,2,2
2012,SSCM,SSCM,2,2
2012,ANAT,ANAT,2,2
2012,ANAT,SOCS,2,2
2012,ANAT,SSCM,2,2
2012,SOCS,SOCS,2,2
2012,SOCS,SSCM,2,2
2012,SSCM,SSCM,2,2
2012,MATH,MATH,16,16
2012,MATH,SSCM,16,16
2012,SSCM,SSCM,16,16
2012,GELY,GELY,40,40
2012,GELY,GEOG,40,40
2012,GEOG,GEOG,40,40
2012,ISYS,ISYS,43,43
2012,EDUC,EDUC,3,3
2012,EDUC,PSYC,3,3
2012,PSYC,PSYC,3,3
2012,BISC,BISC,1,1
2012,BISC,ORDS,1,1
2012,ORDS,ORDS,1,1
2012,MVEN,MVEN,24,24
2012,ANAT,ANAT,1,1
2012,ANAT,ARCH,1,1
2012,ARCH,ARCH,1,1
2012,LCVS,LCVS,1,1
2012,LCVS,SOCS,1,1
2012,SOCS,SOCS,1,1
2012,IMAN,IMAN,1,1
2012,IMAN,MEED,1,1
2012,IMAN,NCCC,1,1
2012,IMAN,SSCM,1,1
2012,MEED,MEED,1,1
2012,MEED,NCCC,1,1
2012,MEED,SSCM,1,1
2012,NCCC,NCCC,1,1
2012,NCCC,SSCM,1,1
2012,SSCM,SSCM,1,1
2012,LAWD,LAWD,1,1
2012,LAWD,SPOL,1,1
2012,LAWD,SSCM,1,1
2012,SPOL,SPOL,1,1
2012,SPOL,SSCM,1,1
2012,SSCM,SSCM,1,1
2012,ECON,ECON,1,1
2012,ECON,MDYF,1,1
2012,ECON,SSCM,1,1
2012,MDYF,MDYF,1,1
2012,MDYF,SSCM,1,1
2012,SSCM,SSCM,1,1
2012,COSC,COSC,3,3
2012,COSC,DFAS,3,3
2012,COSC,EDUC,3,3
2012,COSC,VESC,3,3
2012,DFAS,DFAS,3,3
2012,DFAS,EDUC,3,3
2012,DFAS,VESC,3,3
2012,EDUC,EDUC,3,3
2012,EDUC,VESC,3,3
2012,VESC,VESC,3,3
2012,BIOC,BIOC,1,1
2012,BIOC,PANM,1,1
2012,BIOC,PHPH,1,1
2012,BIOC,SOCS,1,1
2012,PANM,PANM,1,1
2012,PANM,PHPH,1,1
2012,PANM,SOCS,1,1
2012,PHPH,PHPH,1,1
2012,PHPH,SOCS,1,1
2012,SOCS,SOCS,1,1
2012,DPPP,DPPP,1,1
2012,DPPP,PHPH,1,1
2012,DPPP,VESC,1,1
2012,PHPH,PHPH,1,1
2012,PHPH,VESC,1,1
2012,VESC,VESC,1,1
2012,BIOC,BIOC,2,2
2012,BIOC,ORDS,2,2
2012,BIOC,PANM,2,2
2012,ORDS,ORDS,2,2
2012,ORDS,PANM,2,2
2012,PANM,PANM,2,2
2012,CIVE,CIVE,1,1
2012,CIVE,COSC,1,1
2012,CIVE,QUEN,1,1
2012,COSC,COSC,1,1
2012,COSC,QUEN,1,1
2012,QUEN,QUEN,1,1
2012,HART,HART,2,2
2012,HART,HUMS,2,2
2012,HUMS,HUMS,2,2
2012,ENGL,ENGL,2,2
2012,ENGL,ORED,2,2
2012,ORED,ORED,2,2
2012,PANM,PANM,2,2
2012,PANM,VPIM,2,2
2012,VPIM,VPIM,2,2
2012,QUEN,QUEN,2,2
2012,QUEN,SSCM,2,2
2012,SSCM,SSCM,2,2
2012,CABI,CABI,1,1
2012,CABI,SSCM,1,1
2012,SSCM,SSCM,1,1
2012,EMAT,EMAT,11,11
2012,EMAT,QUEN,11,11
2012,QUEN,QUEN,11,11
2012,MDYF,MDYF,22,22
2012,VESC,VESC,411,411
2012,EDUC,EDUC,3,3
2012,EDUC,VESC,3,3
2012,VESC,VESC,3,3
2012,PANM,PANM,4,4
2012,PANM,PHYS,4,4
2012,PANM,SOCS,4,4
2012,PHYS,PHYS,4,4
2012,PHYS,SOCS,4,4
2012,SOCS,SOCS,4,4
2012,SITG,SITG,1,1
2012,SITG,SSCM,1,1
2012,SSCM,SSCM,1,1
2012,EMAT,EMAT,7,7
2012,EMAT,SOCS,7,7
2012,SOCS,SOCS,7,7
2012,CHEM,CHEM,7,7
2012,CHEM,SSCM,7,7
2012,SSCM,SSCM,7,7
2012,PANM,PANM,2,2
2012,PANM,SOCS,2,2
2012,PANM,VPIM,2,2
2012,SOCS,SOCS,2,2
2012,SOCS,VPIM,2,2
2012,VPIM,VPIM,2,2
2012,COSC,COSC,3,3
2012,COSC,EENG,3,3
2012,COSC,ENGF,3,3
2012,EENG,EENG,3,3
2012,EENG,ENGF,3,3
2012,ENGF,ENGF,3,3
2012,ARCH,ARCH,3,3
2012,ARCH,SART,3,3
2012,SART,SART,3,3
2012,EENG,EENG,3,3
2012,EENG,MVEN,3,3
2012,MVEN,MVEN,3,3
2012,BIOC,BIOC,1,1
2012,BIOC,EMAT,1,1
2012,BIOC,PHPH,1,1
2012,EMAT,EMAT,1,1
2012,EMAT,PHPH,1,1
2012,PHPH,PHPH,1,1
2012,EMAT,EMAT,26,26
2012,EMAT,PHIL,26,26
2012,PHIL,PHIL,26,26
2012,CHEM,CHEM,2,2
2012,CHEM,MECH,2,2
2012,CHEM,PHYS,2,2
2012,MECH,MECH,2,2
2012,MECH,PHYS,2,2
2012,PHYS,PHYS,2,2
2012,PSYC,PSYC,18,18
2012,PSYC,SOCS,18,18
2012,SOCS,SOCS,18,18
2012,EMAT,EMAT,340,340
2012,PANM,PANM,1,1
2012,PANM,PHPH,1,1
2012,PHPH,PHPH,1,1
2012,GEOG,GEOG,2,2
2012,GEOG,HIST,2,2
2012,GEOG,MEED,2,2
2012,HIST,HIST,2,2
2012,HIST,MEED,2,2
2012,MEED,MEED,2,2
2012,AERO,AERO,22,22
2012,AERO,EENG,22,22
2012,EENG,EENG,22,22
2012,VGEN,VGEN,10,10
2012,ORDS,ORDS,18,18
2012,ORDS,SOCS,18,18
2012,ORDS,SSCM,18,18
2012,SOCS,SOCS,18,18
2012,SOCS,SSCM,18,18
2012,SSCM,SSCM,18,18
2012,AERO,AERO,1,1
2012,AERO,PHYS,1,1
2012,PHYS,PHYS,1,1
2012,ECON,ECON,2,2
2012,ECON,EFIM,2,2
2012,EFIM,EFIM,2,2
2012,HUMS,HUMS,1,1
2012,HUMS,SPAI,1,1
2012,HUMS,VESC,1,1
2012,SPAI,SPAI,1,1
2012,SPAI,VESC,1,1
2012,VESC,VESC,1,1
2012,BIOC,BIOC,1,1
2012,BIOC,MEED,1,1
2012,BIOC,SOCS,1,1
2012,MEED,MEED,1,1
2012,MEED,SOCS,1,1
2012,SOCS,SOCS,1,1
2012,AERO,AERO,12,12
2012,AERO,ENGF,12,12
2012,ENGF,ENGF,12,12
2012,AERO,AERO,2,2
2012,AERO,GELY,2,2
2012,GELY,GELY,2,2
2012,DFAS,DFAS,2,2
2012,DFAS,VESC,2,2
2012,DFAS,VPIM,2,2
2012,VESC,VESC,2,2
2012,VESC,VPIM,2,2
2012,VPIM,VPIM,2,2
2012,TSSP,TSSP,5,5
2012,IMAN,IMAN,1,1
2012,IMAN,INFO,1,1
2012,INFO,INFO,1,1
2012,GSEN,GSEN,6,6
2012,GSEN,MECH,6,6
2012,MECH,MECH,6,6
2012,AERO,AERO,1,1
2012,AERO,EENG,1,1
2012,AERO,EMAT,1,1
2012,AERO,MECH,1,1
2012,EENG,EENG,1,1
2012,EENG,EMAT,1,1
2012,EENG,MECH,1,1
2012,EMAT,EMAT,1,1
2012,EMAT,MECH,1,1
2012,MECH,MECH,1,1
2012,LCVS,LCVS,17,17
2012,LCVS,VCAD,17,17
2012,LCVS,VESC,17,17
2012,VCAD,VCAD,17,17
2012,VCAD,VESC,17,17
2012,VESC,VESC,17,17
2012,BISC,BISC,6,6
2012,BISC,PSYC,6,6
2012,PSYC,PSYC,6,6
2012,AERO,AERO,5,5
2012,AERO,CHEM,5,5
2012,CHEM,CHEM,5,5
2012,ATHF,ATHF,2,2
2012,ATHF,ORDS,2,2
2012,ATHF,SPOL,2,2
2012,ORDS,ORDS,2,2
2012,ORDS,SPOL,2,2
2012,SPOL,SPOL,2,2
2012,BIOC,BIOC,1,1
2012,BIOC,MVSF,1,1
2012,BIOC,PHPH,1,1
2012,BIOC,SSCM,1,1
2012,MVSF,MVSF,1,1
2012,MVSF,PHPH,1,1
2012,MVSF,SSCM,1,1
2012,PHPH,PHPH,1,1
2012,PHPH,SSCM,1,1
2012,SSCM,SSCM,1,1
2012,EDUC,EDUC,1,1
2012,EDUC,MVSF,1,1
2012,EDUC,PANM,1,1
2012,EDUC,SOCS,1,1
2012,MVSF,MVSF,1,1
2012,MVSF,PANM,1,1
2012,MVSF,SOCS,1,1
2012,PANM,PANM,1,1
2012,PANM,SOCS,1,1
2012,SOCS,SOCS,1,1
2012,ANAT,ANAT,2,2
2012,ANAT,MSAD,2,2
2012,ANAT,SOCS,2,2
2012,MSAD,MSAD,2,2
2012,MSAD,SOCS,2,2
2012,SOCS,SOCS,2,2
2012,BISC,BISC,36,36
2012,BISC,MATH,36,36
2012,MATH,MATH,36,36
2012,SPAI,SPAI,736,736
2012,EENG,EENG,47,47
2012,EENG,ENGF,47,47
2012,ENGF,ENGF,47,47
2012,CHEM,CHEM,1,1
2012,CHEM,MEED,1,1
2012,CHEM,SOCS,1,1
2012,MEED,MEED,1,1
2012,MEED,SOCS,1,1
2012,SOCS,SOCS,1,1
2012,CHEM,CHEM,2,2
2012,CHEM,LCVS,2,2
2012,CHEM,MVSF,2,2
2012,CHEM,VCAD,2,2
2012,CHEM,VESC,2,2
2012,LCVS,LCVS,2,2
2012,LCVS,MVSF,2,2
2012,LCVS,VCAD,2,2
2012,LCVS,VESC,2,2
2012,MVSF,MVSF,2,2
2012,MVSF,VCAD,2,2
2012,MVSF,VESC,2,2
2012,VCAD,VCAD,2,2
2012,VCAD,VESC,2,2
2012,VESC,VESC,2,2
2012,ISYS,ISYS,4,4
2012,ISYS,PHYS,4,4
2012,PHYS,PHYS,4,4
2012,BIOC,BIOC,1,1
2012,BIOC,CHEM,1,1
2012,BIOC,DPPP,1,1
2012,BIOC,MVSF,1,1
2012,BIOC,SOCS,1,1
2012,CHEM,CHEM,1,1
2012,CHEM,DPPP,1,1
2012,CHEM,MVSF,1,1
2012,CHEM,SOCS,1,1
2012,DPPP,DPPP,1,1
2012,DPPP,MVSF,1,1
2012,DPPP,SOCS,1,1
2012,MVSF,MVSF,1,1
2012,MVSF,SOCS,1,1
2012,SOCS,SOCS,1,1
2012,AERO,AERO,1,1
2012,AERO,CIVE,1,1
2012,AERO,MECH,1,1
2012,CIVE,CIVE,1,1
2012,CIVE,MECH,1,1
2012,MECH,MECH,1,1
2012,IPSS,IPSS,1,1
2012,IPSS,SSCM,1,1
2012,SSCM,SSCM,1,1
2012,ISYS,ISYS,1,1
2012,ISYS,VESC,1,1
2012,ISYS,VPIM,1,1
2012,VESC,VESC,1,1
2012,VESC,VPIM,1,1
2012,VPIM,VPIM,1,1
2012,BIOC,BIOC,2,2
2012,BIOC,EENG,2,2
2012,BIOC,PHYS,2,2
2012,EENG,EENG,2,2
2012,EENG,PHYS,2,2
2012,PHYS,PHYS,2,2
2012,MECH,MECH,1,1
2012,MECH,PHYS,1,1
2012,PHYS,PHYS,1,1
2012,BIOC,BIOC,2,2
2012,BIOC,ORDS,2,2
2012,ORDS,ORDS,2,2
2012,VCAD,VCAD,2,2
2012,VCAD,VESC,2,2
2012,VCAD,VGEN,2,2
2012,VESC,VESC,2,2
2012,VESC,VGEN,2,2
2012,VGEN,VGEN,2,2
2012,ISYS,ISYS,4,4
2012,ISYS,SOCS,4,4
2012,ISYS,SSCM,4,4
2012,SOCS,SOCS,4,4
2012,SOCS,SSCM,4,4
2012,SSCM,SSCM,4,4
2012,BIOC,BIOC,1,1
2012,BIOC,MSAD,1,1
2012,BIOC,PHPH,1,1
2012,MSAD,MSAD,1,1
2012,MSAD,PHPH,1,1
2012,PHPH,PHPH,1,1
2012,ARCH,ARCH,2,2
2012,ARCH,MATH,2,2
2012,MATH,MATH,2,2
2012,BIOC,BIOC,417,417
2012,MODL,MODL,74,74
2012,BISC,BISC,16,16
2012,BISC,GEOG,16,16
2012,GEOG,GEOG,16,16
2012,CLAS,CLAS,27,27
2012,CLAS,HUMS,27,27
2012,HUMS,HUMS,27,27
2012,ORDS,ORDS,2,2
2012,ORDS,PANM,2,2
2012,ORDS,SOCS,2,2
2012,ORDS,SSCM,2,2
2012,PANM,PANM,2,2
2012,PANM,SOCS,2,2
2012,PANM,SSCM,2,2
2012,SOCS,SOCS,2,2
2012,SOCS,SSCM,2,2
2012,SSCM,SSCM,2,2
2012,SOCS,SOCS,1,1
2012,SOCS,VCAD,1,1
2012,VCAD,VCAD,1,1
2012,EDUC,EDUC,7,7
2012,EDUC,GEOG,7,7
2012,GEOG,GEOG,7,7
2012,LCVS,LCVS,1,1
2012,LCVS,PHPH,1,1
2012,PHPH,PHPH,1,1
2012,BIOC,BIOC,10,10
2012,BIOC,PANM,10,10
2012,PANM,PANM,10,10
2012,THTR,THTR,73,73
2012,EMAT,EMAT,1,1
2012,EMAT,MEED,1,1
2012,EMAT,SOCS,1,1
2012,EMAT,SSCM,1,1
2012,MEED,MEED,1,1
2012,MEED,SOCS,1,1
2012,MEED,SSCM,1,1
2012,SOCS,SOCS,1,1
2012,SOCS,SSCM,1,1
2012,SSCM,SSCM,1,1
2012,MVSF,MVSF,6,6
2012,EENG,EENG,18,18
2012,EENG,MECH,18,18
2012,MECH,MECH,18,18
2012,BIOC,BIOC,1,1
2012,BIOC,PHYS,1,1
2012,BIOC,SOCS,1,1
2012,PHYS,PHYS,1,1
2012,PHYS,SOCS,1,1
2012,SOCS,SOCS,1,1
2012,EENG,EENG,7,7
2012,EENG,MATH,7,7
2012,MATH,MATH,7,7
2012,CHEM,CHEM,1,1
2012,CHEM,PSYC,1,1
2012,CHEM,SOCS,1,1
2012,PSYC,PSYC,1,1
2012,PSYC,SOCS,1,1
2012,SOCS,SOCS,1,1
2012,BIOC,BIOC,1,1
2012,BIOC,BISC,1,1
2012,BIOC,EMAT,1,1
2012,BIOC,PHPH,1,1
2012,BIOC,QUEN,1,1
2012,BISC,BISC,1,1
2012,BISC,EMAT,1,1
2012,BISC,PHPH,1,1
2012,BISC,QUEN,1,1
2012,EMAT,EMAT,1,1
2012,EMAT,PHPH,1,1
2012,EMAT,QUEN,1,1
2012,PHPH,PHPH,1,1
2012,PHPH,QUEN,1,1
2012,QUEN,QUEN,1,1
2012,CIVE,CIVE,1,1
2012,CIVE,GSEN,1,1
2012,GSEN,GSEN,1,1
2012,DFAS,DFAS,2,2
2012,DFAS,VPIM,2,2
2012,VPIM,VPIM,2,2
2012,BISC,BISC,1,1
2012,BISC,COSC,1,1
2012,BISC,PHYS,1,1
2012,COSC,COSC,1,1
2012,COSC,PHYS,1,1
2012,PHYS,PHYS,1,1
2012,ORDS,ORDS,4,4
2012,ORDS,PANM,4,4
2012,PANM,PANM,4,4
2012,ARCH,ARCH,314,314
2012,GELY,GELY,2,2
2012,GELY,MEED,2,2
2012,MEED,MEED,2,2
2012,CHEM,CHEM,4,4
2012,CHEM,IFAC,4,4
2012,IFAC,IFAC,4,4
2012,BIOC,BIOC,1,1
2012,BIOC,BISC,1,1
2012,BIOC,PHPH,1,1
2012,BISC,BISC,1,1
2012,BISC,PHPH,1,1
2012,PHPH,PHPH,1,1
2012,GEOG,GEOG,1,1
2012,GEOG,SPOL,1,1
2012,GEOG,SSCM,1,1
2012,SPOL,SPOL,1,1
2012,SPOL,SSCM,1,1
2012,SSCM,SSCM,1,1
2012,AERO,AERO,1,1
2012,AERO,MECH,1,1
2012,AERO,SITG,1,1
2012,MECH,MECH,1,1
2012,MECH,SITG,1,1
2012,SITG,SITG,1,1
2012,EMAT,EMAT,23,23
2012,EMAT,MECH,23,23
2012,MECH,MECH,23,23
2012,AERO,AERO,2,2
2012,AERO,EENG,2,2
2012,AERO,ENGF,2,2
2012,AERO,NCCC,2,2
2012,EENG,EENG,2,2
2012,EENG,ENGF,2,2
2012,EENG,NCCC,2,2
2012,ENGF,ENGF,2,2
2012,ENGF,NCCC,2,2
2012,NCCC,NCCC,2,2
2012,BISC,BISC,847,847
2012,ANAT,ANAT,2,2
2012,ANAT,VPIM,2,2
2012,VPIM,VPIM,2,2
2012,LAWD,LAWD,1,1
2012,LAWD,SPAI,1,1
2012,LAWD,THRS,1,1
2012,SPAI,SPAI,1,1
2012,SPAI,THRS,1,1
2012,THRS,THRS,1,1
2012,EDUC,EDUC,1,1
2012,EDUC,MECH,1,1
2012,MECH,MECH,1,1
2012,COSC,COSC,1,1
2012,COSC,ECON,1,1
2012,ECON,ECON,1,1
2012,IFAC,IFAC,1,1
2012,IFAC,MECH,1,1
2012,IFAC,PHYS,1,1
2012,MECH,MECH,1,1
2012,MECH,PHYS,1,1
2012,PHYS,PHYS,1,1
2012,EDUC,EDUC,962,962
2012,ATHF,ATHF,2,2
2012,ATHF,ORDS,2,2
2012,ATHF,SSCM,2,2
2012,ORDS,ORDS,2,2
2012,ORDS,SSCM,2,2
2012,SSCM,SSCM,2,2
2012,BISC,BISC,1,1
2012,BISC,COSC,1,1
2012,BISC,MVEN,1,1
2012,COSC,COSC,1,1
2012,COSC,MVEN,1,1
2012,MVEN,MVEN,1,1
2012,GELY,GELY,4,4
2012,GELY,SSCM,4,4
2012,SSCM,SSCM,4,4
2012,BISC,BISC,12,12
2012,BISC,CHEM,12,12
2012,CHEM,CHEM,12,12
2012,BIOC,BIOC,2,2
2012,BIOC,MATH,2,2
2012,MATH,MATH,2,2
2012,BIOC,BIOC,1,1
2012,BIOC,IFAC,1,1
2012,BIOC,PHYS,1,1
2012,IFAC,IFAC,1,1
2012,IFAC,PHYS,1,1
2012,PHYS,PHYS,1,1
2012,LANG,LANG,1,1
2012,LANG,SOCS,1,1
2012,SOCS,SOCS,1,1
2012,HIST,HIST,1,1
2012,HIST,IMAN,1,1
2012,IMAN,IMAN,1,1
2012,GEOG,GEOG,1,1
2012,GEOG,SOCS,1,1
2012,GEOG,WILL,1,1
2012,SOCS,SOCS,1,1
2012,SOCS,WILL,1,1
2012,WILL,WILL,1,1
2012,EENG,EENG,1,1
2012,EENG,MEED,1,1
2012,EENG,PHYS,1,1
2012,MEED,MEED,1,1
2012,MEED,PHYS,1,1
2012,PHYS,PHYS,1,1
2012,MATH,MATH,1,1
2012,MATH,PHPH,1,1
2012,PHPH,PHPH,1,1
2012,AERO,AERO,2,2
2012,AERO,DPPP,2,2
2012,AERO,EENG,2,2
2012,AERO,VICH,2,2
2012,DPPP,DPPP,2,2
2012,DPPP,EENG,2,2
2012,DPPP,VICH,2,2
2012,EENG,EENG,2,2
2012,EENG,VICH,2,2
2012,VICH,VICH,2,2
2012,ACFI,ACFI,2,2
2012,ACFI,EFIM,2,2
2012,EFIM,EFIM,2,2
2012,ATHF,ATHF,4,4
2012,ATHF,SSCM,4,4
2012,SSCM,SSCM,4,4
2012,LCVS,LCVS,1,1
2012,LCVS,PANM,1,1
2012,LCVS,SOCS,1,1
2012,LCVS,VCAD,1,1
2012,LCVS,VPIM,1,1
2012,PANM,PANM,1,1
2012,PANM,SOCS,1,1
2012,PANM,VCAD,1,1
2012,PANM,VPIM,1,1
2012,SOCS,SOCS,1,1
2012,SOCS,VCAD,1,1
2012,SOCS,VPIM,1,1
2012,VCAD,VCAD,1,1
2012,VCAD,VPIM,1,1
2012,VPIM,VPIM,1,1
2012,IPSS,IPSS,1,1
2012,IPSS,SPOL,1,1
2012,IPSS,SSCM,1,1
2012,SPOL,SPOL,1,1
2012,SPOL,SSCM,1,1
2012,SSCM,SSCM,1,1
2012,BISC,BISC,1,1
2012,BISC,CHEM,1,1
2012,BISC,PHYS,1,1
2012,CHEM,CHEM,1,1
2012,CHEM,PHYS,1,1
2012,PHYS,PHYS,1,1
2012,CHEM,CHEM,2,2
2012,CHEM,ISYS,2,2
2012,ISYS,ISYS,2,2
2012,ORDS,ORDS,1,1
2012,ORDS,SSCM,1,1
2012,ORDS,VPIM,1,1
2012,SSCM,SSCM,1,1
2012,SSCM,VPIM,1,1
2012,VPIM,VPIM,1,1
2012,ECON,ECON,16,16
2012,ECON,SSCM,16,16
2012,SSCM,SSCM,16,16
2012,BIOC,BIOC,1,1
2012,BIOC,MSAD,1,1
2012,MSAD,MSAD,1,1
2012,HIST,HIST,2,2
2012,HIST,SPAI,2,2
2012,SPAI,SPAI,2,2
2012,DPPP,DPPP,8,8
2012,DPPP,PHPH,8,8
2012,PHPH,PHPH,8,8
2012,PANM,PANM,1,1
2012,PANM,SOCS,1,1
2012,PANM,VESC,1,1
2012,SOCS,SOCS,1,1
2012,SOCS,VESC,1,1
2012,VESC,VESC,1,1
2012,GELY,GELY,1,1
2012,GELY,LCVS,1,1
2012,LCVS,LCVS,1,1
2012,COSC,COSC,2,2
2012,COSC,IMAN,2,2
2012,IMAN,IMAN,2,2
2012,BIOC,BIOC,4,4
2012,BIOC,GEOG,4,4
2012,GEOG,GEOG,4,4
2012,NCCC,NCCC,4,4
2012,INFO,INFO,33,33
2012,AERO,AERO,1,1
2012,AERO,CHEM,1,1
2012,AERO,NCCC,1,1
2012,CHEM,CHEM,1,1
2012,CHEM,NCCC,1,1
2012,NCCC,NCCC,1,1
2012,AERO,AERO,1,1
2012,AERO,EENG,1,1
2012,AERO,GELY,1,1
2012,AERO,GEOG,1,1
2012,AERO,MECH,1,1
2012,EENG,EENG,1,1
2012,EENG,GELY,1,1
2012,EENG,GEOG,1,1
2012,EENG,MECH,1,1
2012,GELY,GELY,1,1
2012,GELY,GEOG,1,1
2012,GELY,MECH,1,1
2012,GEOG,GEOG,1,1
2012,GEOG,MECH,1,1
2012,MECH,MECH,1,1
2012,BISC,BISC,1,1
2012,BISC,MVEN,1,1
2012,MVEN,MVEN,1,1
2012,MATH,MATH,1,1
2012,MATH,SPAI,1,1
2012,SPAI,SPAI,1,1
2012,ARCH,ARCH,1,1
2012,ARCH,SOCS,1,1
2012,ARCH,VPIM,1,1
2012,SOCS,SOCS,1,1
2012,SOCS,VPIM,1,1
2012,VPIM,VPIM,1,1
2012,CIVE,CIVE,1,1
2012,CIVE,SOCS,1,1
2012,SOCS,SOCS,1,1
2012,AERO,AERO,66,66
2012,AERO,MECH,66,66
2012,MECH,MECH,66,66
2012,PANM,PANM,1,1
2012,PANM,SOCS,1,1
2012,PANM,VESC,1,1
2012,PANM,VPIM,1,1
2012,SOCS,SOCS,1,1
2012,SOCS,VESC,1,1
2012,SOCS,VPIM,1,1
2012,VESC,VESC,1,1
2012,VESC,VPIM,1,1
2012,VPIM,VPIM,1,1
2012,VCAD,VCAD,12,12
2012,VCAD,VPIM,12,12
2012,VPIM,VPIM,12,12
2012,PHPH,PHPH,6,6
2012,PHPH,PSYC,6,6
2012,PSYC,PSYC,6,6
2012,CIVE,CIVE,2,2
2012,CIVE,GSEN,2,2
2012,CIVE,MECH,2,2
2012,GSEN,GSEN,2,2
2012,GSEN,MECH,2,2
2012,MECH,MECH,2,2
2012,ATHF,ATHF,1,1
2012,ATHF,ORDS,1,1
2012,ATHF,SPOL,1,1
2012,ATHF,SSCM,1,1
2012,ORDS,ORDS,1,1
2012,ORDS,SPOL,1,1
2012,ORDS,SSCM,1,1
2012,SPOL,SPOL,1,1
2012,SPOL,SSCM,1,1
2012,SSCM,SSCM,1,1
2012,CHEM,CHEM,2,2
2012,CHEM,ORED,2,2
2012,ORED,ORED,2,2
2012,EENG,EENG,779,779
2012,BISC,BISC,7,7
2012,BISC,VPIM,7,7
2012,VPIM,VPIM,7,7
2012,BIOC,BIOC,4,4
2012,BIOC,COSC,4,4
2012,COSC,COSC,4,4
2012,COSC,COSC,630,630
2012,LCVS,LCVS,1,1
2012,LCVS,VCAD,1,1
2012,LCVS,VGEN,1,1
2012,VCAD,VCAD,1,1
2012,VCAD,VGEN,1,1
2012,VGEN,VGEN,1,1
2012,GEOG,GEOG,2,2
2012,GEOG,SSCM,2,2
2012,SSCM,SSCM,2,2
2012,BISC,BISC,1,1
2012,BISC,CHEM,1,1
2012,BISC,GEOG,1,1
2012,CHEM,CHEM,1,1
2012,CHEM,GEOG,1,1
2012,GEOG,GEOG,1,1
2012,ARCH,ARCH,1,1
2012,ARCH,FATV,1,1
2012,ARCH,HIST,1,1
2012,ARCH,HUMS,1,1
2012,ARCH,IMAN,1,1
2012,ARCH,OPPO,1,1
2012,FATV,FATV,1,1
2012,FATV,HIST,1,1
2012,FATV,HUMS,1,1
2012,FATV,IMAN,1,1
2012,FATV,OPPO,1,1
2012,HIST,HIST,1,1
2012,HIST,HUMS,1,1
2012,HIST,IMAN,1,1
2012,HIST,OPPO,1,1
2012,HUMS,HUMS,1,1
2012,HUMS,IMAN,1,1
2012,HUMS,OPPO,1,1
2012,IMAN,IMAN,1,1
2012,IMAN,OPPO,1,1
2012,OPPO,OPPO,1,1
2012,CHEM,CHEM,1,1
2012,CHEM,DPPP,1,1
2012,CHEM,MVSF,1,1
2012,DPPP,DPPP,1,1
2012,DPPP,MVSF,1,1
2012,MVSF,MVSF,1,1
2012,LCVS,LCVS,24,24
2012,LCVS,VESC,24,24
2012,VESC,VESC,24,24
2012,CIVE,CIVE,1,1
2012,CIVE,ECON,1,1
2012,ECON,ECON,1,1
2012,CHEM,CHEM,38,38
2012,CHEM,PHYS,38,38
2012,PHYS,PHYS,38,38
2012,CHEM,CHEM,1,1
2012,CHEM,DPPP,1,1
2012,CHEM,PHYS,1,1
2012,CHEM,VICH,1,1
2012,DPPP,DPPP,1,1
2012,DPPP,PHYS,1,1
2012,DPPP,VICH,1,1
2012,PHYS,PHYS,1,1
2012,PHYS,VICH,1,1
2012,VICH,VICH,1,1
2012,BIOC,BIOC,1,1
2012,BIOC,MEED,1,1
2012,BIOC,PHPH,1,1
2012,BIOC,SOCS,1,1
2012,BIOC,SSCM,1,1
2012,MEED,MEED,1,1
2012,MEED,PHPH,1,1
2012,MEED,SOCS,1,1
2012,MEED,SSCM,1,1
2012,PHPH,PHPH,1,1
2012,PHPH,SOCS,1,1
2012,PHPH,SSCM,1,1
2012,SOCS,SOCS,1,1
2012,SOCS,SSCM,1,1
2012,SSCM,SSCM,1,1
2012,BIOC,BIOC,31,31
2012,BIOC,SOCS,31,31
2012,SOCS,SOCS,31,31
2012,BIOC,BIOC,1,1
2012,BIOC,CHEM,1,1
2012,BIOC,SOCS,1,1
2012,CHEM,CHEM,1,1
2012,CHEM,SOCS,1,1
2012,SOCS,SOCS,1,1
2012,ORDS,ORDS,1,1
2012,ORDS,PHPH,1,1
2012,ORDS,SOCS,1,1
2012,PHPH,PHPH,1,1
2012,PHPH,SOCS,1,1
2012,SOCS,SOCS,1,1
2012,IMAN,IMAN,1,1
2012,IMAN,SSCM,1,1
2012,SSCM,SSCM,1,1
2012,ACFI,ACFI,104,104
2012,MEED,MEED,14,14
2012,MEED,SSCM,14,14
2012,SSCM,SSCM,14,14
2012,CHEM,CHEM,4,4
2012,CHEM,PANM,4,4
2012,PANM,PANM,4,4
2012,BISC,BISC,2,2
2012,BISC,PHYS,2,2
2012,PHYS,PHYS,2,2
2012,MDYF,MDYF,1,1
2012,MDYF,ORDS,1,1
2012,MDYF,SSCM,1,1
2012,ORDS,ORDS,1,1
2012,ORDS,SSCM,1,1
2012,SSCM,SSCM,1,1
2012,ECON,ECON,1,1
2012,ECON,HILA,1,1
2012,ECON,MUSI,1,1
2012,ECON,SSCM,1,1
2012,HILA,HILA,1,1
2012,HILA,MUSI,1,1
2012,HILA,SSCM,1,1
2012,MUSI,MUSI,1,1
2012,MUSI,SSCM,1,1
2012,SSCM,SSCM,1,1
2012,HIST,HIST,19,19
2012,HIST,PERS,19,19
2012,PERS,PERS,19,19
2012,HIST,HIST,2,2
2012,HIST,IMAN,2,2
2012,HIST,ISYS,2,2
2012,IMAN,IMAN,2,2
2012,IMAN,ISYS,2,2
2012,ISYS,ISYS,2,2
2012,AERO,AERO,901,901
2012,COSC,COSC,6,6
2012,COSC,INOV,6,6
2012,INOV,INOV,6,6
2012,CHEM,CHEM,8,8
2012,CHEM,ORDS,8,8
2012,ORDS,ORDS,8,8
2012,CHEM,CHEM,1431,1431
2012,ARCH,ARCH,8,8
2012,ARCH,CLAS,8,8
2012,CLAS,CLAS,8,8
2012,PANM,PANM,1,1
2012,PANM,SOCS,1,1
2012,PANM,VCAD,1,1
2012,SOCS,SOCS,1,1
2012,SOCS,VCAD,1,1
2012,VCAD,VCAD,1,1
2012,ANAT,ANAT,3,3
2012,ANAT,SSCM,3,3
2012,SSCM,SSCM,3,3
2012,PHPH,PHPH,1,1
2012,PHPH,PSYC,1,1
2012,PHPH,SOCS,1,1
2012,PHPH,SSCM,1,1
2012,PSYC,PSYC,1,1
2012,PSYC,SOCS,1,1
2012,PSYC,SSCM,1,1
2012,SOCS,SOCS,1,1
2012,SOCS,SSCM,1,1
2012,SSCM,SSCM,1,1
2012,DPPP,DPPP,9,9
2012,DPPP,HILA,9,9
2012,HILA,HILA,9,9
2012,MATH,MATH,2,2
2012,MATH,SSCM,2,2
2012,MATH,VESC,2,2
2012,SSCM,SSCM,2,2
2012,SSCM,VESC,2,2
2012,VESC,VESC,2,2
2012,ENGL,ENGL,1,1
2012,ENGL,SOCS,1,1
2012,SOCS,SOCS,1,1
2012,SPOL,SPOL,788,788
2012,QUEN,QUEN,90,90
2012,BIOC,BIOC,3,3
2012,BIOC,PANM,3,3
2012,BIOC,SOCS,3,3
2012,PANM,PANM,3,3
2012,PANM,SOCS,3,3
2012,SOCS,SOCS,3,3
2012,ORDS,ORDS,2,2
2012,ORDS,PHPH,2,2
2012,PHPH,PHPH,2,2
2012,ENGL,ENGL,2,2
2012,ENGL,HUMS,2,2
2012,HUMS,HUMS,2,2
2012,LCVS,LCVS,10,10
2012,LCVS,VPIM,10,10
2012,VPIM,VPIM,10,10
2012,SPAI,SPAI,3,3
2012,SPAI,SSCM,3,3
2012,SSCM,SSCM,3,3
2012,CHEM,CHEM,1,1
2012,CHEM,PERS,1,1
2012,PERS,PERS,1,1
2012,CHEM,CHEM,1,1
2012,CHEM,DPPP,1,1
2012,CHEM,IFAC,1,1
2012,DPPP,DPPP,1,1
2012,DPPP,IFAC,1,1
2012,IFAC,IFAC,1,1
2012,GELY,GELY,2,2
2012,GELY,IFAC,2,2
2012,GELY,PHYS,2,2
2012,IFAC,IFAC,2,2
2012,IFAC,PHYS,2,2
2012,PHYS,PHYS,2,2
2012,NSQI,NSQI,2,2
2012,NSQI,PHYS,2,2
2012,PHYS,PHYS,2,2
2012,MDYF,MDYF,3,3
2012,MDYF,SOCS,3,3
2012,SOCS,SOCS,3,3
2012,EMAT,EMAT,7,7
2012,EMAT,PHPH,7,7
2012,PHPH,PHPH,7,7
2012,MEED,MEED,2,2
2012,MEED,MGRC,2,2
2012,MEED,SSCM,2,2
2012,MGRC,MGRC,2,2
2012,MGRC,SSCM,2,2
2012,SSCM,SSCM,2,2
2012,CARA,CARA,1,1
2012,MEED,MEED,1,1
2012,MEED,SITG,1,1
2012,MEED,SSCM,1,1
2012,SITG,SITG,1,1
2012,SITG,SSCM,1,1
2012,SSCM,SSCM,1,1
2012,IPSS,IPSS,1,1
2012,EENG,EENG,7,7
2012,EENG,PANM,7,7
2012,EENG,SOCS,7,7
2012,PANM,PANM,7,7
2012,PANM,SOCS,7,7
2012,SOCS,SOCS,7,7
2012,SOCS,SOCS,10,10
2012,SOCS,SPOL,10,10
2012,SPOL,SPOL,10,10
2012,MECH,MECH,1,1
2012,MECH,SOCS,1,1
2012,SOCS,SOCS,1,1
2012,MEED,MEED,2,2
2012,MEED,PANM,2,2
2012,PANM,PANM,2,2
2012,ECON,ECON,2,2
2012,ECON,EDUC,2,2
2012,EDUC,EDUC,2,2
2012,FSTA,FSTA,2,2
2012,FSTA,SSCM,2,2
2012,SSCM,SSCM,2,2
2012,HILA,HILA,113,113
2012,BISC,BISC,1,1
2012,BISC,LCVS,1,1
2012,BISC,VPIM,1,1
2012,LCVS,LCVS,1,1
2012,LCVS,VPIM,1,1
2012,VPIM,VPIM,1,1
2012,LCVS,LCVS,1,1
2012,LCVS,VESC,1,1
2012,LCVS,VPIM,1,1
2012,VESC,VESC,1,1
2012,VESC,VPIM,1,1
2012,VPIM,VPIM,1,1
2012,MDYF,MDYF,5,5
2012,MDYF,MECH,5,5
2012,MDYF,ORDS,5,5
2012,MECH,MECH,5,5
2012,MECH,ORDS,5,5
2012,ORDS,ORDS,5,5
2012,MATH,MATH,1,1
2012,MATH,VESC,1,1
2012,VESC,VESC,1,1
2012,AERO,AERO,3,3
2012,AERO,EMAT,3,3
2012,AERO,MECH,3,3
2012,EMAT,EMAT,3,3
2012,EMAT,MECH,3,3
2012,MECH,MECH,3,3
2012,AERO,AERO,1,1
2012,AERO,ARCH,1,1
2012,ARCH,ARCH,1,1
2012,OPPO,OPPO,11,11
2012,LAWD,LAWD,1,1
2012,LAWD,ORDS,1,1
2012,ORDS,ORDS,1,1
2012,AERO,AERO,51,51
2012,AERO,NCCC,51,51
2012,NCCC,NCCC,51,51
2012,PHYS,PHYS,1,1
2012,PHYS,SOCS,1,1
2012,SOCS,SOCS,1,1
2012,EDUC,EDUC,2,2
2012,EDUC,SPOL,2,2
2012,SPOL,SPOL,2,2
2012,ORDS,ORDS,77,77
2012,ORDS,SSCM,77,77
2012,SSCM,SSCM,77,77
2012,CIVE,CIVE,1,1
2012,CIVE,DPPP,1,1
2012,CIVE,HIST,1,1
2012,CIVE,ITEL,1,1
2012,CIVE,LAWD,1,1
2012,CIVE,PHIL,1,1
2012,CIVE,READ,1,1
2012,CIVE,VICH,1,1
2012,CIVE,WIDE,1,1
2012,DPPP,DPPP,1,1
2012,DPPP,HIST,1,1
2012,DPPP,ITEL,1,1
2012,DPPP,LAWD,1,1
2012,DPPP,PHIL,1,1
2012,DPPP,READ,1,1
2012,DPPP,VICH,1,1
2012,DPPP,WIDE,1,1
2012,HIST,HIST,1,1
2012,HIST,ITEL,1,1
2012,HIST,LAWD,1,1
2012,HIST,PHIL,1,1
2012,HIST,READ,1,1
2012,HIST,VICH,1,1
2012,HIST,WIDE,1,1
2012,ITEL,ITEL,1,1
2012,ITEL,LAWD,1,1
2012,ITEL,PHIL,1,1
2012,ITEL,READ,1,1
2012,ITEL,VICH,1,1
2012,ITEL,WIDE,1,1
2012,LAWD,LAWD,1,1
2012,LAWD,PHIL,1,1
2012,LAWD,READ,1,1
2012,LAWD,VICH,1,1
2012,LAWD,WIDE,1,1
2012,PHIL,PHIL,1,1
2012,PHIL,READ,1,1
2012,PHIL,VICH,1,1
2012,PHIL,WIDE,1,1
2012,READ,READ,1,1
2012,READ,VICH,1,1
2012,READ,WIDE,1,1
2012,VICH,VICH,1,1
2012,VICH,WIDE,1,1
2012,WIDE,WIDE,1,1
2012,INTL,INTL,1,1
2012,INTL,VESC,1,1
2012,VESC,VESC,1,1
2012,CHEM,CHEM,29,29
2012,CHEM,GELY,29,29
2012,GELY,GELY,29,29
2012,BIOC,BIOC,17,17
2012,BIOC,MVSF,17,17
2012,MVSF,MVSF,17,17
2012,IFAC,IFAC,23,23
2012,IFAC,PHYS,23,23
2012,PHYS,PHYS,23,23
2012,MVSF,MVSF,1,1
2012,MVSF,PANM,1,1
2012,PANM,PANM,1,1
2012,MEED,MEED,1,1
2012,MEED,NCCC,1,1
2012,MEED,VESC,1,1
2012,NCCC,NCCC,1,1
2012,NCCC,VESC,1,1
2012,VESC,VESC,1,1
2012,BISC,BISC,9,9
2012,BISC,SSCM,9,9
2012,SSCM,SSCM,9,9
2012,ORDS,ORDS,4,4
2012,ORDS,PSYC,4,4
2012,PSYC,PSYC,4,4
2012,BISC,BISC,1,1
2012,BISC,MVSF,1,1
2012,BISC,PANM,1,1
2012,MVSF,MVSF,1,1
2012,MVSF,PANM,1,1
2012,PANM,PANM,1,1
2012,BRDC,BRDC,1,1
2012,BRDC,PHYS,1,1
2012,BRDC,SOCS,1,1
2012,PHYS,PHYS,1,1
2012,PHYS,SOCS,1,1
2012,SOCS,SOCS,1,1
2012,COSC,COSC,1,1
2012,COSC,GELY,1,1
2012,GELY,GELY,1,1
2012,FINC,FINC,1,1
2012,FINC,PHYS,1,1
2012,PHYS,PHYS,1,1
2012,EDUC,EDUC,6,6
2012,EDUC,SSCM,6,6
2012,SSCM,SSCM,6,6
2012,IPSS,IPSS,6,6
2012,IPSS,SSCM,6,6
2012,IPSS,TSSP,6,6
2012,SSCM,SSCM,6,6
2012,SSCM,TSSP,6,6
2012,TSSP,TSSP,6,6
2012,IPSS,IPSS,1,1
2012,IPSS,MATH,1,1
2012,MATH,MATH,1,1
2012,BIOC,BIOC,1,1
2012,BIOC,CHEM,1,1
2012,BIOC,MVSF,1,1
2012,CHEM,CHEM,1,1
2012,CHEM,MVSF,1,1
2012,MVSF,MVSF,1,1
2012,SSCM,SSCM,1,1
2012,SSCM,UNPA,1,1
2012,UNPA,UNPA,1,1
2012,FSTA,FSTA,1,1
2012,FSTA,PANM,1,1
2012,FSTA,PHPH,1,1
2012,FSTA,SOCS,1,1
2012,FSTA,VPIM,1,1
2012,PANM,PANM,1,1
2012,PANM,PHPH,1,1
2012,PANM,SOCS,1,1
2012,PANM,VPIM,1,1
2012,PHPH,PHPH,1,1
2012,PHPH,SOCS,1,1
2012,PHPH,VPIM,1,1
2012,SOCS,SOCS,1,1
2012,SOCS,VPIM,1,1
2012,VPIM,VPIM,1,1
2012,BIOC,BIOC,2,2
2012,BIOC,PHYS,2,2
2012,PHYS,PHYS,2,2
2012,COSC,COSC,3,3
2012,COSC,MATH,3,3
2012,MATH,MATH,3,3
2012,PHIL,PHIL,234,234
2012,DFAS,DFAS,5,5
2012,DFAS,VESC,5,5
2012,DFAS,VGEN,5,5
2012,VESC,VESC,5,5
2012,VESC,VGEN,5,5
2012,VGEN,VGEN,5,5
2012,ORDS,ORDS,1,1
2012,ORDS,PANM,1,1
2012,ORDS,PHPH,1,1
2012,ORDS,SOCS,1,1
2012,PANM,PANM,1,1
2012,PANM,PHPH,1,1
2012,PANM,SOCS,1,1
2012,PHPH,PHPH,1,1
2012,PHPH,SOCS,1,1
2012,SOCS,SOCS,1,1
2012,ARCH,ARCH,2,2
2012,ARCH,SSCM,2,2
2012,SSCM,SSCM,2,2
2012,SSCM,SSCM,32,32
2012,SSCM,VESC,32,32
2012,VESC,VESC,32,32
2012,AERO,AERO,13,13
2012,AERO,DPPP,13,13
2012,AERO,VICH,13,13
2012,DPPP,DPPP,13,13
2012,DPPP,VICH,13,13
2012,VICH,VICH,13,13
2012,CHEM,CHEM,3,3
2012,CHEM,DPPP,3,3
2012,CHEM,PANM,3,3
2012,CHEM,PHYS,3,3
2012,DPPP,DPPP,3,3
2012,DPPP,PANM,3,3
2012,DPPP,PHYS,3,3
2012,PANM,PANM,3,3
2012,PANM,PHYS,3,3
2012,PHYS,PHYS,3,3
2012,SPOL,SPOL,94,94
2012,SPOL,SSCM,94,94
2012,SSCM,SSCM,94,94
2012,AERO,AERO,1,1
2012,AERO,DPPP,1,1
2012,AERO,EENG,1,1
2012,AERO,EMAT,1,1
2012,AERO,VICH,1,1
2012,DPPP,DPPP,1,1
2012,DPPP,EENG,1,1
2012,DPPP,EMAT,1,1
2012,DPPP,VICH,1,1
2012,EENG,EENG,1,1
2012,EENG,EMAT,1,1
2012,EENG,VICH,1,1
2012,EMAT,EMAT,1,1
2012,EMAT,VICH,1,1
2012,VICH,VICH,1,1
2012,BIOC,BIOC,1,1
2012,BIOC,CHEM,1,1
2012,BIOC,MATH,1,1
2012,CHEM,CHEM,1,1
2012,CHEM,MATH,1,1
2012,MATH,MATH,1,1
2012,PHPH,PHPH,104,104
2012,PHPH,SOCS,104,104
2012,SOCS,SOCS,104,104
2012,EENG,EENG,20,20
2012,EENG,SOCS,20,20
2012,SOCS,SOCS,20,20
2012,MDYF,MDYF,27,27
2012,MDYF,SSCM,27,27
2012,SSCM,SSCM,27,27
2012,AERO,AERO,20,20
2012,AERO,EMAT,20,20
2012,EMAT,EMAT,20,20
2012,CHEM,CHEM,1,1
2012,CHEM,CRSM,1,1
2012,CHEM,PHYS,1,1
2012,CRSM,CRSM,1,1
2012,CRSM,PHYS,1,1
2012,PHYS,PHYS,1,1
2012,SSCM,SSCM,1,1
2012,SSCM,TSSP,1,1
2012,TSSP,TSSP,1,1
2012,EDUC,EDUC,1,1
2012,EDUC,EENG,1,1
2012,EENG,EENG,1,1
2012,MATH,MATH,5,5
2012,MATH,PHIL,5,5
2012,PHIL,PHIL,5,5
2012,ARCH,ARCH,2,2
2012,ARCH,BISC,2,2
2012,BISC,BISC,2,2
2012,FINC,FINC,1,1
2012,FINC,SSCM,1,1
2012,SSCM,SSCM,1,1
2012,CHEM,CHEM,1,1
2012,CHEM,THRS,1,1
2012,THRS,THRS,1,1
2012,EFIM,EFIM,1,1
2012,EFIM,PHIL,1,1
2012,PHIL,PHIL,1,1
2012,MEED,MEED,46,46
2012,MEED,SOCS,46,46
2012,SOCS,SOCS,46,46
2012,MECH,MECH,1,1
2012,MECH,PSYC,1,1
2012,MECH,SOCS,1,1
2012,MECH,SSCM,1,1
2012,PSYC,PSYC,1,1
2012,PSYC,SOCS,1,1
2012,PSYC,SSCM,1,1
2012,SOCS,SOCS,1,1
2012,SOCS,SSCM,1,1
2012,SSCM,SSCM,1,1
2012,CHEM,CHEM,1,1
2012,CHEM,GEOG,1,1
2012,CHEM,MODL,1,1
2012,GEOG,GEOG,1,1
2012,GEOG,MODL,1,1
2012,MODL,MODL,1,1
2012,GELY,GELY,4,4
2012,GELY,MECH,4,4
2012,MECH,MECH,4,4
2012,MATH,MATH,638,638
2012,EDUC,EDUC,2,2
2012,EDUC,VCAD,2,2
2012,VCAD,VCAD,2,2
2012,PHPH,PHPH,597,597
2012,ORDS,ORDS,42,42
2012,ORDS,SOCS,42,42
2012,SOCS,SOCS,42,42
2012,BCAP,BCAP,1,1
2012,BCAP,PANM,1,1
2012,PANM,PANM,1,1
2012,ADSI,ADSI,1,1
2012,ADSI,SOCS,1,1
2012,SOCS,SOCS,1,1
2012,BISC,BISC,4,4
2012,BISC,PHPH,4,4
2012,PHPH,PHPH,4,4
2012,NCCC,NCCC,1,1
2012,NCCC,SOCS,1,1
2012,SOCS,SOCS,1,1
2012,ORDS,ORDS,8,8
2012,ORDS,SPOL,8,8
2012,ORDS,SSCM,8,8
2012,SPOL,SPOL,8,8
2012,SPOL,SSCM,8,8
2012,SSCM,SSCM,8,8
2012,FATV,FATV,1,1
2012,FATV,ISYS,1,1
2012,ISYS,ISYS,1,1
2012,EMAT,EMAT,1,1
2012,EMAT,PANM,1,1
2012,EMAT,SOCS,1,1
2012,PANM,PANM,1,1
2012,PANM,SOCS,1,1
2012,SOCS,SOCS,1,1
2012,EENG,EENG,127,127
2012,EENG,PHYS,127,127
2012,PHYS,PHYS,127,127
2012,SOCS,SOCS,332,332
2012,SOCS,SSCM,332,332
2012,SSCM,SSCM,332,332
2012,MECH,MECH,2,2
2012,MECH,VESC,2,2
2012,VESC,VESC,2,2
2012,GERM,GERM,10,10
2012,GERM,MODL,10,10
2012,MODL,MODL,10,10
2012,ORDS,ORDS,4,4
2012,ORDS,QUEN,4,4
2012,QUEN,QUEN,4,4
2012,MATH,MATH,9,9
2012,MATH,PHYS,9,9
2012,PHYS,PHYS,9,9
2012,EENG,EENG,41,41
2012,EENG,VICH,41,41
2012,VICH,VICH,41,41
2012,EDUC,EDUC,7,7
2012,EDUC,MEED,7,7
2012,MEED,MEED,7,7
2012,MDYF,MDYF,16,16
2012,MDYF,MEED,16,16
2012,MDYF,PHPH,16,16
2012,MEED,MEED,16,16
2012,MEED,PHPH,16,16
2012,PHPH,PHPH,16,16
2012,EDUC,EDUC,5,5
2012,EDUC,SOCS,5,5
2012,SOCS,SOCS,5,5
2012,IMAN,IMAN,1,1
2012,IMAN,MECH,1,1
2012,IMAN,SOCS,1,1
2012,MECH,MECH,1,1
2012,MECH,SOCS,1,1
2012,SOCS,SOCS,1,1
2012,ANAT,ANAT,2,2
2012,ANAT,VESC,2,2
2012,VESC,VESC,2,2
2012,BISC,BISC,6,6
2012,BISC,DFAS,6,6
2012,DFAS,DFAS,6,6
2012,LCVS,LCVS,81,81
2012,BFAC,BFAC,2,2
2012,BFAC,CHEM,2,2
2012,CHEM,CHEM,2,2
2012,CHEM,CHEM,21,21
2012,CHEM,GEOG,21,21
2012,GEOG,GEOG,21,21
2012,ITAL,ITAL,71,71
2012,IPSS,IPSS,4,4
2012,IPSS,SPOL,4,4
2012,SPOL,SPOL,4,4
2012,BRDC,BRDC,10,10
2012,BRDC,IFAC,10,10
2012,BRDC,PHYS,10,10
2012,IFAC,IFAC,10,10
2012,IFAC,PHYS,10,10
2012,PHYS,PHYS,10,10
2012,MSAD,MSAD,1,1
2012,MSAD,PHPH,1,1
2012,PHPH,PHPH,1,1
2012,ECON,ECON,1,1
2012,ECON,PSYC,1,1
2012,PSYC,PSYC,1,1
2012,IMAN,IMAN,2,2
2012,IMAN,ISYS,2,2
2012,ISYS,ISYS,2,2
2012,MVSF,MVSF,5,5
2012,MVSF,PHPH,5,5
2012,MVSF,SOCS,5,5
2012,PHPH,PHPH,5,5
2012,PHPH,SOCS,5,5
2012,SOCS,SOCS,5,5
2012,GELY,GELY,1226,1226
2012,COSC,COSC,1,1
2012,COSC,INOV,1,1
2012,COSC,PSYC,1,1
2012,INOV,INOV,1,1
2012,INOV,PSYC,1,1
2012,PSYC,PSYC,1,1
2012,AERO,AERO,2,2
2012,AERO,CHEM,2,2
2012,AERO,DPPP,2,2
2012,CHEM,CHEM,2,2
2012,CHEM,DPPP,2,2
2012,DPPP,DPPP,2,2
2012,GELY,GELY,8,8
2012,GELY,MATH,8,8
2012,MATH,MATH,8,8
2012,AERO,AERO,2,2
2012,AERO,CHEM,2,2
2012,AERO,PANM,2,2
2012,CHEM,CHEM,2,2
2012,CHEM,PANM,2,2
2012,PANM,PANM,2,2
2012,AERO,AERO,4,4
2012,AERO,COSC,4,4
2012,COSC,COSC,4,4
2012,LCVS,LCVS,8,8
2012,LCVS,VCAD,8,8
2012,LCVS,VESC,8,8
2012,LCVS,VPIM,8,8
2012,VCAD,VCAD,8,8
2012,VCAD,VESC,8,8
2012,VCAD,VPIM,8,8
2012,VESC,VESC,8,8
2012,VESC,VPIM,8,8
2012,VPIM,VPIM,8,8
2012,BIOC,BIOC,1,1
2012,BIOC,MVSF,1,1
2012,BIOC,PANM,1,1
2012,BIOC,SOCS,1,1
2012,BIOC,SSCM,1,1
2012,MVSF,MVSF,1,1
2012,MVSF,PANM,1,1
2012,MVSF,SOCS,1,1
2012,MVSF,SSCM,1,1
2012,PANM,PANM,1,1
2012,PANM,SOCS,1,1
2012,PANM,SSCM,1,1
2012,SOCS,SOCS,1,1
2012,SOCS,SSCM,1,1
2012,SSCM,SSCM,1,1
2012,DFAS,DFAS,9,9
2012,DFAS,EDUC,9,9
2012,DFAS,VESC,9,9
2012,EDUC,EDUC,9,9
2012,EDUC,VESC,9,9
2012,VESC,VESC,9,9
2012,CIVE,CIVE,3,3
2012,CIVE,ENGF,3,3
2012,ENGF,ENGF,3,3
2012,ARCH,ARCH,6,6
2012,ARCH,PERS,6,6
2012,PERS,PERS,6,6
2012,ARTF,ARTF,33,33
2012,IFAC,IFAC,124,124
2012,CHEM,CHEM,2,2
2012,CHEM,PHPH,2,2
2012,PHPH,PHPH,2,2
2012,CIVE,CIVE,2,2
2012,CIVE,EENG,2,2
2012,CIVE,SOCS,2,2
2012,EENG,EENG,2,2
2012,EENG,SOCS,2,2
2012,SOCS,SOCS,2,2
2012,FATV,FATV,1,1
2012,FATV,HIST,1,1
2012,HIST,HIST,1,1
2012,CHEM,CHEM,1,1
2012,CHEM,DPPP,1,1
2012,CHEM,PANM,1,1
2012,CHEM,SOCS,1,1
2012,DPPP,DPPP,1,1
2012,DPPP,PANM,1,1
2012,DPPP,SOCS,1,1
2012,PANM,PANM,1,1
2012,PANM,SOCS,1,1
2012,SOCS,SOCS,1,1
2012,LCVS,LCVS,3,3
2012,LCVS,VESC,3,3
2012,LCVS,VGEN,3,3
2012,VESC,VESC,3,3
2012,VESC,VGEN,3,3
2012,VGEN,VGEN,3,3
2012,ORDS,ORDS,1,1
2012,ORDS,PANM,1,1
2012,ORDS,SOCS,1,1
2012,PANM,PANM,1,1
2012,PANM,SOCS,1,1
2012,SOCS,SOCS,1,1
2012,CHEM,CHEM,1,1
2012,CHEM,GELY,1,1
2012,CHEM,GEOG,1,1
2012,GELY,GELY,1,1
2012,GELY,GEOG,1,1
2012,GEOG,GEOG,1,1
2012,PERS,PERS,2,2
2012,PERS,SSCM,2,2
2012,SSCM,SSCM,2,2
2012,AERO,AERO,1,1
2012,AERO,FSTA,1,1
2012,FSTA,FSTA,1,1
2012,CHEM,CHEM,1,1
2012,CHEM,COSC,1,1
2012,CHEM,MVEN,1,1
2012,COSC,COSC,1,1
2012,COSC,MVEN,1,1
2012,MVEN,MVEN,1,1
2012,BIOC,BIOC,1,1
2012,BIOC,CHEM,1,1
2012,BIOC,MATH,1,1
2012,BIOC,MVSF,1,1
2012,BIOC,PHYS,1,1
2012,CHEM,CHEM,1,1
2012,CHEM,MATH,1,1
2012,CHEM,MVSF,1,1
2012,CHEM,PHYS,1,1
2012,MATH,MATH,1,1
2012,MATH,MVSF,1,1
2012,MATH,PHYS,1,1
2012,MVSF,MVSF,1,1
2012,MVSF,PHYS,1,1
2012,PHYS,PHYS,1,1
2012,LCVS,LCVS,1,1
2012,LCVS,PANM,1,1
2012,PANM,PANM,1,1
2012,ENGF,ENGF,43,43
2012,CHEM,CHEM,1,1
2012,CHEM,LCVS,1,1
2012,CHEM,MVSF,1,1
2012,CHEM,VPIM,1,1
2012,LCVS,LCVS,1,1
2012,LCVS,MVSF,1,1
2012,LCVS,VPIM,1,1
2012,MVSF,MVSF,1,1
2012,MVSF,VPIM,1,1
2012,VPIM,VPIM,1,1
2012,MEED,MEED,1,1
2012,MEED,PSYC,1,1
2012,MEED,SOCS,1,1
2012,PSYC,PSYC,1,1
2012,PSYC,SOCS,1,1
2012,SOCS,SOCS,1,1
2012,LAWD,LAWD,632,632
2012,ORED,ORED,1,1
2012,ORED,SOCS,1,1
2012,SOCS,SOCS,1,1
2012,ORDS,ORDS,1,1
2012,ORDS,PHPH,1,1
2012,ORDS,SSCM,1,1
2012,PHPH,PHPH,1,1
2012,PHPH,SSCM,1,1
2012,SSCM,SSCM,1,1
2012,ENGF,ENGF,2,2
2012,ENGF,SOCS,2,2
2012,SOCS,SOCS,2,2
2012,CIVE,CIVE,14,14
2012,CIVE,MECH,14,14
2012,MECH,MECH,14,14
2012,MATH,MATH,2,2
2012,MATH,MECH,2,2
2012,MECH,MECH,2,2
2012,FINC,FINC,1,1
2012,FINC,SOCS,1,1
2012,FINC,SSCM,1,1
2012,SOCS,SOCS,1,1
2012,SOCS,SSCM,1,1
2012,SSCM,SSCM,1,1
2012,FATV,FATV,86,86
2012,VCAD,VCAD,31,31
2012,VCAD,VESC,31,31
2012,VESC,VESC,31,31
2012,LAWD,LAWD,2,2
2012,LAWD,SPOL,2,2
2012,SPOL,SPOL,2,2
2012,LAWD,LAWD,22,22
2012,LAWD,SSCM,22,22
2012,SSCM,SSCM,22,22
2012,ECON,ECON,150,150
2012,HUMS,HUMS,10,10
2012,EDUC,EDUC,1,1
2012,EDUC,VCAD,1,1
2012,EDUC,VPIM,1,1
2012,VCAD,VCAD,1,1
2012,VCAD,VPIM,1,1
2012,VPIM,VPIM,1,1
2012,CHEM,CHEM,6,6
2012,CHEM,MODL,6,6
2012,MODL,MODL,6,6
2012,BISC,BISC,1,1
2012,BISC,EMAT,1,1
2012,BISC,PHYS,1,1
2012,EMAT,EMAT,1,1
2012,EMAT,PHYS,1,1
2012,PHYS,PHYS,1,1
2012,PANM,PANM,4,4
2012,PANM,VESC,4,4
2012,VESC,VESC,4,4
2012,ENGF,ENGF,7,7
2012,ENGF,MECH,7,7
2012,ENGF,QUEN,7,7
2012,MECH,MECH,7,7
2012,MECH,QUEN,7,7
2012,QUEN,QUEN,7,7
2012,CIVE,CIVE,826,826
2012,PHYS,PHYS,1135,1135
2012,BIOC,BIOC,4,4
2012,BIOC,PANM,4,4
2012,BIOC,PHPH,4,4
2012,PANM,PANM,4,4
2012,PANM,PHPH,4,4
2012,PHPH,PHPH,4,4
2012,DFAS,DFAS,13,13
2012,DFAS,EDUC,13,13
2012,EDUC,EDUC,13,13
2012,ORDS,ORDS,1,1
2012,ORDS,PSYC,1,1
2012,ORDS,SSCM,1,1
2012,PSYC,PSYC,1,1
2012,PSYC,SSCM,1,1
2012,SSCM,SSCM,1,1
2012,GELY,GELY,5,5
2012,GELY,PHYS,5,5
2012,PHYS,PHYS,5,5
2012,STHE,STHE,1,1
2012,CMPO,CMPO,1,1
2012,CMPO,ECON,1,1
2012,CMPO,LAWD,1,1
2012,CMPO,SSCM,1,1
2012,ECON,ECON,1,1
2012,ECON,LAWD,1,1
2012,ECON,SSCM,1,1
2012,LAWD,LAWD,1,1
2012,LAWD,SSCM,1,1
2012,SSCM,SSCM,1,1
2012,MODL,MODL,46,46
2012,MODL,RUSS,46,46
2012,RUSS,RUSS,46,46
2012,VESC,VESC,78,78
2012,VESC,VPIM,78,78
2012,VPIM,VPIM,78,78
2012,BIOC,BIOC,1,1
2012,BIOC,BISC,1,1
2012,BIOC,MVSF,1,1
2012,BISC,BISC,1,1
2012,BISC,MVSF,1,1
2012,MVSF,MVSF,1,1
2012,AERO,AERO,1,1
2012,AERO,PANM,1,1
2012,PANM,PANM,1,1
2012,DFAS,DFAS,231,231
2012,LCVS,LCVS,4,4
2012,LCVS,VCAD,4,4
2012,LCVS,VPIM,4,4
2012,VCAD,VCAD,4,4
2012,VCAD,VPIM,4,4
2012,VPIM,VPIM,4,4
2012,BIOC,BIOC,8,8
2012,BIOC,MVSF,8,8
2012,BIOC,PHPH,8,8
2012,MVSF,MVSF,8,8
2012,MVSF,PHPH,8,8
2012,PHPH,PHPH,8,8
2012,CHEM,CHEM,44,44
2012,CHEM,DPPP,44,44
2012,CHEM,VICH,44,44
2012,DPPP,DPPP,44,44
2012,DPPP,VICH,44,44
2012,VICH,VICH,44,44
2012,MVSF,MVSF,1,1
2012,MVSF,PHPH,1,1
2012,PHPH,PHPH,1,1
2012,CHEM,CHEM,2,2
2012,CHEM,SCIF,2,2
2012,SCIF,SCIF,2,2
2012,BPRO,BPRO,1,1
2012,BPRO,SOCS,1,1
2012,SOCS,SOCS,1,1
2012,CHEM,CHEM,1,1
2012,CHEM,EDUC,1,1
2012,EDUC,EDUC,1,1
2012,MVSF,MVSF,1,1
2012,MVSF,VESC,1,1
2012,VESC,VESC,1,1
2012,PANM,PANM,242,242
2012,BISC,BISC,3,3
2012,BISC,PHPH,3,3
2012,BISC,SOCS,3,3
2012,PHPH,PHPH,3,3
2012,PHPH,SOCS,3,3
2012,SOCS,SOCS,3,3
2012,DFAS,DFAS,1,1
2012,DFAS,PSYC,1,1
2012,DFAS,VESC,1,1
2012,PSYC,PSYC,1,1
2012,PSYC,VESC,1,1
2012,VESC,VESC,1,1
2012,PERS,PERS,1,1
2012,PERS,SOCS,1,1
2012,SOCS,SOCS,1,1
2012,RUSS,RUSS,48,48
2012,CARA,CARA,1,1
2012,CARA,CHEM,1,1
2012,CARA,SSCM,1,1
2012,CHEM,CHEM,1,1
2012,CHEM,SSCM,1,1
2012,SSCM,SSCM,1,1
2012,BISC,BISC,1,1
2012,BISC,EDUC,1,1
2012,BISC,GELY,1,1
2012,BISC,ISYS,1,1
2012,EDUC,EDUC,1,1
2012,EDUC,GELY,1,1
2012,EDUC,ISYS,1,1
2012,GELY,GELY,1,1
2012,GELY,ISYS,1,1
2012,ISYS,ISYS,1,1
2012,ORDS,ORDS,314,314
2012,PSYC,PSYC,681,681
2012,ISYS,ISYS,1,1
2012,ISYS,SSCM,1,1
2012,SSCM,SSCM,1,1
2012,AERO,AERO,6,6
2012,AERO,QUEN,6,6
2012,QUEN,QUEN,6,6
2012,EMAT,EMAT,1,1
2012,EMAT,PSYC,1,1
2012,PSYC,PSYC,1,1
2012,PANM,PANM,11,11
2012,PANM,SOCS,11,11
2012,PANM,SSCM,11,11
2012,SOCS,SOCS,11,11
2012,SOCS,SSCM,11,11
2012,SSCM,SSCM,11,11
2012,ENGF,ENGF,1,1
2012,ENGF,SSCM,1,1
2012,SSCM,SSCM,1,1
2012,ANAT,ANAT,1,1
2012,ANAT,SOCS,1,1
2012,ANAT,VPIM,1,1
2012,SOCS,SOCS,1,1
2012,SOCS,VPIM,1,1
2012,VPIM,VPIM,1,1
2012,ENGF,ENGF,1,1
2012,ENGF,GEOG,1,1
2012,ENGF,NCCC,1,1
2012,ENGF,SOCS,1,1
2012,GEOG,GEOG,1,1
2012,GEOG,NCCC,1,1
2012,GEOG,SOCS,1,1
2012,NCCC,NCCC,1,1
2012,NCCC,SOCS,1,1
2012,SOCS,SOCS,1,1
2012,EDUC,EDUC,2,2
2012,EDUC,LCVS,2,2
2012,EDUC,VESC,2,2
2012,LCVS,LCVS,2,2
2012,LCVS,VESC,2,2
2012,VESC,VESC,2,2
2012,IFAC,IFAC,10,10
2012,IFAC,MECH,10,10
2012,MECH,MECH,10,10
2012,GERM,GERM,41,41
2012,COSC,COSC,11,11
2012,COSC,EENG,11,11
2012,EENG,EENG,11,11
2012,ECON,ECON,5,5
2012,ECON,MGRC,5,5
2012,ECON,SPOL,5,5
2012,MGRC,MGRC,5,5
2012,MGRC,SPOL,5,5
2012,SPOL,SPOL,5,5
2012,ANAT,ANAT,58,58
2012,IPSS,IPSS,3,3
2012,IPSS,SOCS,3,3
2012,IPSS,SSCM,3,3
2012,IPSS,TSSP,3,3
2012,SOCS,SOCS,3,3
2012,SOCS,SSCM,3,3
2012,SOCS,TSSP,3,3
2012,SSCM,SSCM,3,3
2012,SSCM,TSSP,3,3
2012,TSSP,TSSP,3,3
2012,PERS,PERS,3,3
2012,ARCH,ARCH,1,1
2012,ARCH,PRIN,1,1
2012,PRIN,PRIN,1,1
2012,COSC,COSC,9,9
2012,COSC,ISYS,9,9
2012,ISYS,ISYS,9,9
2012,PHPH,PHPH,1,1
2012,PHPH,PSYC,1,1
2012,PHPH,SOCS,1,1
2012,PSYC,PSYC,1,1
2012,PSYC,SOCS,1,1
2012,SOCS,SOCS,1,1
2012,BISC,BISC,25,25
2012,BISC,EMAT,25,25
2012,EMAT,EMAT,25,25
2012,COSC,COSC,8,8
2012,COSC,EMAT,8,8
2012,COSC,PHIL,8,8
2012,EMAT,EMAT,8,8
2012,EMAT,PHIL,8,8
2012,PHIL,PHIL,8,8
2012,CHEM,CHEM,1,1
2012,CHEM,MATH,1,1
2012,CHEM,SOCS,1,1
2012,MATH,MATH,1,1
2012,MATH,SOCS,1,1
2012,SOCS,SOCS,1,1
2012,HART,HART,131,131
2012,BIOC,BIOC,2,2
2012,BIOC,MSAD,2,2
2012,BIOC,PANM,2,2
2012,MSAD,MSAD,2,2
2012,MSAD,PANM,2,2
2012,PANM,PANM,2,2
2012,PHPH,PHPH,2,2
2012,PHPH,SOCS,2,2
2012,PHPH,SSCM,2,2
2012,SOCS,SOCS,2,2
2012,SOCS,SSCM,2,2
2012,SSCM,SSCM,2,2
2012,ORED,ORED,10,10
2012,IMAN,IMAN,55,55
2012,ORDS,ORDS,5,5
2012,ORDS,SOCS,5,5
2012,ORDS,SPOL,5,5
2012,ORDS,SSCM,5,5
2012,SOCS,SOCS,5,5
2012,SOCS,SPOL,5,5
2012,SOCS,SSCM,5,5
2012,SPOL,SPOL,5,5
2012,SPOL,SSCM,5,5
2012,SSCM,SSCM,5,5
2012,BISC,BISC,3,3
2012,BISC,DFAS,3,3
2012,BISC,MATH,3,3
2012,DFAS,DFAS,3,3
2012,DFAS,MATH,3,3
2012,MATH,MATH,3,3
2012,CHEM,CHEM,1,1
2012,CHEM,MDYF,1,1
2012,CHEM,PANM,1,1
2012,CHEM,SSCM,1,1
2012,MDYF,MDYF,1,1
2012,MDYF,PANM,1,1
2012,MDYF,SSCM,1,1
2012,PANM,PANM,1,1
2012,PANM,SSCM,1,1
2012,SSCM,SSCM,1,1
2012,IFAC,IFAC,7,7
2012,IFAC,ORDS,7,7
2012,ORDS,ORDS,7,7
2012,ORED,ORED,1,1
2012,ORED,PANM,1,1
2012,ORED,PHPH,1,1
2012,PANM,PANM,1,1
2012,PANM,PHPH,1,1
2012,PHPH,PHPH,1,1
2012,AERO,AERO,1,1
2012,AERO,ISYS,1,1
2012,ISYS,ISYS,1,1
2012,EENG,EENG,1,1
2012,EENG,MVSF,1,1
2012,EENG,PHYS,1,1
2012,EENG,SOCS,1,1
2012,MVSF,MVSF,1,1
2012,MVSF,PHYS,1,1
2012,MVSF,SOCS,1,1
2012,PHYS,PHYS,1,1
2012,PHYS,SOCS,1,1
2012,SOCS,SOCS,1,1
2012,COSC,COSC,4,4
2012,COSC,MECH,4,4
2012,MECH,MECH,4,4
2012,SOCS,SOCS,5,5
2012,SOCS,VESC,5,5
2012,VESC,VESC,5,5
2012,MATH,MATH,1,1
2012,MATH,PHPH,1,1
2012,MATH,SOCS,1,1
2012,PHPH,PHPH,1,1
2012,PHPH,SOCS,1,1
2012,SOCS,SOCS,1,1
2012,CLAS,CLAS,177,177
2012,BIOC,BIOC,20,20
2012,BIOC,CHEM,20,20
2012,CHEM,CHEM,20,20
2012,ANAT,ANAT,8,8
2012,ANAT,SOCS,8,8
2012,SOCS,SOCS,8,8
2012,BISC,BISC,1,1
2012,BISC,COSC,1,1
2012,BISC,SSCM,1,1
2012,COSC,COSC,1,1
2012,COSC,SSCM,1,1
2012,SSCM,SSCM,1,1
2012,BISC,BISC,11,11
2012,BISC,VESC,11,11
2012,VESC,VESC,11,11
2012,CHEM,CHEM,1,1
2012,CHEM,GELY,1,1
2012,CHEM,IFAC,1,1
2012,GELY,GELY,1,1
2012,GELY,IFAC,1,1
2012,IFAC,IFAC,1,1
2012,MEED,MEED,22,22
2012,CHEM,CHEM,2,2
2012,CHEM,MATH,2,2
2012,MATH,MATH,2,2
2012,BIOC,BIOC,3,3
2012,BIOC,EMAT,3,3
2012,BIOC,ORDS,3,3
2012,EMAT,EMAT,3,3
2012,EMAT,ORDS,3,3
2012,ORDS,ORDS,3,3
2012,EENG,EENG,1,1
2012,EENG,PSYC,1,1
2012,EENG,VICH,1,1
2012,PSYC,PSYC,1,1
2012,PSYC,VICH,1,1
2012,VICH,VICH,1,1
2012,CIVE,CIVE,1,1
2012,CIVE,COSC,1,1
2012,CIVE,INOV,1,1
2012,COSC,COSC,1,1
2012,COSC,INOV,1,1
2012,INOV,INOV,1,1
2012,COSC,COSC,1,1
2012,COSC,SSCM,1,1
2012,SSCM,SSCM,1,1
2012,BIOC,BIOC,1,1
2012,BIOC,CHEM,1,1
2012,BIOC,DPPP,1,1
2012,CHEM,CHEM,1,1
2012,CHEM,DPPP,1,1
2012,DPPP,DPPP,1,1
2012,CHEM,CHEM,14,14
2012,CHEM,DPPP,14,14
2012,CHEM,PANM,14,14
2012,DPPP,DPPP,14,14
2012,DPPP,PANM,14,14
2012,PANM,PANM,14,14
2012,AERO,AERO,5,5
2012,AERO,GEOG,5,5
2012,GEOG,GEOG,5,5
2012,BIOC,BIOC,1,1
2012,BIOC,MVSF,1,1
2012,BIOC,SSCM,1,1
2012,MVSF,MVSF,1,1
2012,MVSF,SSCM,1,1
2012,SSCM,SSCM,1,1
2012,ATHF,ATHF,5,5
2012,ATHF,ISYS,5,5
2012,ATHF,SOCS,5,5
2012,ATHF,SSCM,5,5
2012,ISYS,ISYS,5,5
2012,ISYS,SOCS,5,5
2012,ISYS,SSCM,5,5
2012,SOCS,SOCS,5,5
2012,SOCS,SSCM,5,5
2012,SSCM,SSCM,5,5
2012,VICH,VICH,3,3
2012,FINC,FINC,1,1
2012,FINC,GEOG,1,1
2012,GEOG,GEOG,1,1
2012,CIVE,CIVE,3,3
2012,CIVE,PHYS,3,3
2012,PHYS,PHYS,3,3
2012,SSLF,SSLF,18,18
2012,MSAD,MSAD,5,5
2012,MSAD,SSCM,5,5
2012,SSCM,SSCM,5,5
2012,COSC,COSC,4,4
2012,COSC,EMAT,4,4
2012,EMAT,EMAT,4,4
2012,CHEM,CHEM,7,7
2012,CHEM,DPPP,7,7
2012,CHEM,PHYS,7,7
2012,DPPP,DPPP,7,7
2012,DPPP,PHYS,7,7
2012,PHYS,PHYS,7,7
2012,EENG,EENG,28,28
2012,EENG,IFAC,28,28
2012,IFAC,IFAC,28,28
2012,CHEM,CHEM,5,5
2012,CHEM,COSC,5,5
2012,COSC,COSC,5,5
2012,PANM,PANM,4,4
2012,PANM,SSCM,4,4
2012,SSCM,SSCM,4,4
2012,BIOC,BIOC,4,4
2012,BIOC,PHPH,4,4
2012,BIOC,SOCS,4,4
2012,PHPH,PHPH,4,4
2012,PHPH,SOCS,4,4
2012,SOCS,SOCS,4,4
2012,NSQI,NSQI,1,1
2012,NSQI,ORDS,1,1
2012,NSQI,PHYS,1,1
2012,ORDS,ORDS,1,1
2012,ORDS,PHYS,1,1
2012,PHYS,PHYS,1,1
2012,VPIM,VPIM,134,134
2012,EENG,EENG,1,1
2012,EENG,QUEN,1,1
2012,QUEN,QUEN,1,1
2012,IFAC,IFAC,1,1
2012,IFAC,MEED,1,1
2012,MEED,MEED,1,1
2012,MEED,MEED,1,1
2012,MEED,PANM,1,1
2012,MEED,PHPH,1,1
2012,MEED,SOCS,1,1
2012,PANM,PANM,1,1
2012,PANM,PHPH,1,1
2012,PANM,SOCS,1,1
2012,PHPH,PHPH,1,1
2012,PHPH,SOCS,1,1
2012,SOCS,SOCS,1,1
2012,ENGF,ENGF,1,1
2012,ENGF,MSAD,1,1
2012,ENGF,SSCM,1,1
2012,MSAD,MSAD,1,1
2012,MSAD,SSCM,1,1
2012,SSCM,SSCM,1,1
2012,COSC,COSC,1,1
2012,COSC,ENGF,1,1
2012,ENGF,ENGF,1,1
2012,EMAT,EMAT,2,2
2012,EMAT,PHPH,2,2
2012,EMAT,SOCS,2,2
2012,PHPH,PHPH,2,2
2012,PHPH,SOCS,2,2
2012,SOCS,SOCS,2,2
2012,BIOC,BIOC,2,2
2012,BIOC,MVSF,2,2
2012,BIOC,PANM,2,2
2012,BIOC,SOCS,2,2
2012,MVSF,MVSF,2,2
2012,MVSF,PANM,2,2
2012,MVSF,SOCS,2,2
2012,PANM,PANM,2,2
2012,PANM,SOCS,2,2
2012,SOCS,SOCS,2,2
2012,VCAD,VCAD,137,137
2012,AERO,AERO,4,4
2012,AERO,EENG,4,4
2012,AERO,EMAT,4,4
2012,EENG,EENG,4,4
2012,EENG,EMAT,4,4
2012,EMAT,EMAT,4,4
2012,BISC,BISC,1,1
2012,BISC,COSC,1,1
2012,COSC,COSC,1,1
2012,CIVE,CIVE,10,10
2012,CIVE,COSC,10,10
2012,COSC,COSC,10,10
2012,GEOG,GEOG,3,3
2012,GEOG,MEED,3,3
2012,MEED,MEED,3,3
2012,FATV,FATV,1,1
2012,FATV,THTR,1,1
2012,THTR,THTR,1,1
2012,ISYS,ISYS,1,1
2012,ISYS,ORDS,1,1
2012,ISYS,SSCM,1,1
2012,ORDS,ORDS,1,1
2012,ORDS,SSCM,1,1
2012,SSCM,SSCM,1,1
2012,GEOG,GEOG,7,7
2012,GEOG,SPAI,7,7
2012,SPAI,SPAI,7,7
2012,ITAL,ITAL,1,1
2012,ITAL,RUSS,1,1
2012,RUSS,RUSS,1,1
2012,SSCM,SSCM,2805,2805
2012,HUMS,HUMS,1,1
2012,HUMS,THRS,1,1
2012,THRS,THRS,1,1
2012,COSC,COSC,2,2
2012,COSC,EENG,2,2
2012,COSC,VICH,2,2
2012,EENG,EENG,2,2
2012,EENG,VICH,2,2
2012,VICH,VICH,2,2
2012,BRDC,BRDC,8,8
2012,BRDC,PHYS,8,8
2012,PHYS,PHYS,8,8
2012,BIOC,BIOC,1,1
2012,BIOC,BISC,1,1
2012,BISC,BISC,1,1
2012,ENGL,ENGL,349,349
2012,ORDS,ORDS,1,1
2012,ORDS,SPOL,1,1
2012,SPOL,SPOL,1,1
2012,CIVE,CIVE,7,7
2012,CIVE,QUEN,7,7
2012,QUEN,QUEN,7,7
2012,PHIL,PHIL,1,1
2012,PHIL,PHYS,1,1
2012,PHYS,PHYS,1,1
2012,ATHF,ATHF,3,3
2012,ATHF,SOCS,3,3
2012,ATHF,SSCM,3,3
2012,SOCS,SOCS,3,3
2012,SOCS,SSCM,3,3
2012,SSCM,SSCM,3,3
2012,BISC,BISC,1,1
2012,BISC,IFAC,1,1
2012,BISC,MECH,1,1
2012,IFAC,IFAC,1,1
2012,IFAC,MECH,1,1
2012,MECH,MECH,1,1
2012,COSC,COSC,1,1
2012,COSC,MECH,1,1
2012,COSC,PSYC,1,1
2012,MECH,MECH,1,1
2012,MECH,PSYC,1,1
2012,PSYC,PSYC,1,1
2012,BISC,BISC,2,2
2012,BISC,SOCS,2,2
2012,SOCS,SOCS,2,2
2012,VGEN,VGEN,1,1
2012,VGEN,VPIM,1,1
2012,VPIM,VPIM,1,1
2012,AERO,AERO,1,1
2012,AERO,GSEN,1,1
2012,GSEN,GSEN,1,1
2012,CHEM,CHEM,1,1
2012,CHEM,PANM,1,1
2012,CHEM,PHPH,1,1
2012,CHEM,SOCS,1,1
2012,PANM,PANM,1,1
2012,PANM,PHPH,1,1
2012,PANM,SOCS,1,1
2012,PHPH,PHPH,1,1
2012,PHPH,SOCS,1,1
2012,SOCS,SOCS,1,1
2012,PHYS,PHYS,1,1
2012,PHYS,SOCS,1,1
2012,PHYS,SSCM,1,1
2012,SOCS,SOCS,1,1
2012,SOCS,SSCM,1,1
2012,SSCM,SSCM,1,1
2012,CIVE,CIVE,1,1
2012,CIVE,GSEN,1,1
2012,CIVE,QUEN,1,1
2012,GSEN,GSEN,1,1
2012,GSEN,QUEN,1,1
2012,QUEN,QUEN,1,1
2012,GEOG,GEOG,3,3
2012,GEOG,WIDE,3,3
2012,WIDE,WIDE,3,3
2012,ENGF,ENGF,1,1
2012,ENGF,VESC,1,1
2012,VESC,VESC,1,1
2012,ARCH,ARCH,1,1
2012,ARCH,HART,1,1
2012,ARCH,PERS,1,1
2012,HART,HART,1,1
2012,HART,PERS,1,1
2012,PERS,PERS,1,1
2012,SPAI,SPAI,3,3
2012,SPAI,SPOL,3,3
2012,SPOL,SPOL,3,3
2012,GEOG,GEOG,1190,1190
2012,GEOG,GEOG,1,1
2012,GEOG,SAFE,1,1
2012,SAFE,SAFE,1,1
2012,ANAT,ANAT,1,1
2012,ANAT,MDYF,1,1
2012,ANAT,ORDS,1,1
2012,MDYF,MDYF,1,1
2012,MDYF,ORDS,1,1
2012,ORDS,ORDS,1,1
2012,BRDC,BRDC,1,1
2012,BRDC,PHYS,1,1
2012,BRDC,SSCM,1,1
2012,PHYS,PHYS,1,1
2012,PHYS,SSCM,1,1
2012,SSCM,SSCM,1,1
2012,EDUC,EDUC,3,3
2012,EDUC,OPPO,3,3
2012,OPPO,OPPO,3,3
2012,COSC,COSC,1,1
2012,COSC,GEOG,1,1
2012,GEOG,GEOG,1,1
2012,MUSI,MUSI,142,142
2012,COSC,COSC,1,1
2012,COSC,PHYS,1,1
2012,PHYS,PHYS,1,1
2012,CHEM,CHEM,1,1
2012,CHEM,EENG,1,1
2012,EENG,EENG,1,1
2012,MSAD,MSAD,1,1
2012,MSAD,SOCS,1,1
2012,SOCS,SOCS,1,1
2012,CIVE,CIVE,11,11
2012,CIVE,EENG,11,11
2012,EENG,EENG,11,11
2012,CHEM,CHEM,2,2
2012,CHEM,EENG,2,2
2012,CHEM,PANM,2,2
2012,CHEM,SOCS,2,2
2012,EENG,EENG,2,2
2012,EENG,PANM,2,2
2012,EENG,SOCS,2,2
2012,PANM,PANM,2,2
2012,PANM,SOCS,2,2
2012,SOCS,SOCS,2,2
2012,PHPH,PHPH,11,11
2012,PHPH,SSCM,11,11
2012,SSCM,SSCM,11,11
2012,LCVS,LCVS,18,18
2012,LCVS,VCAD,18,18
2012,VCAD,VCAD,18,18
2012,BISC,BISC,4,4
2012,BISC,DPPP,4,4
2012,BISC,PHPH,4,4
2012,DPPP,DPPP,4,4
2012,DPPP,PHPH,4,4
2012,PHPH,PHPH,4,4
2012,MDYF,MDYF,2,2
2012,MDYF,SOCS,2,2
2012,MDYF,SSCM,2,2
2012,SOCS,SOCS,2,2
2012,SOCS,SSCM,2,2
2012,SSCM,SSCM,2,2
2012,PHIL,PHIL,1,1
2012,PHIL,SSCM,1,1
2012,SSCM,SSCM,1,1
2012,BIOC,BIOC,2,2
2012,BIOC,EENG,2,2
2012,BIOC,MVSF,2,2
2012,EENG,EENG,2,2
2012,EENG,MVSF,2,2
2012,MVSF,MVSF,2,2
2012,CHEM,CHEM,58,58
2012,CHEM,DPPP,58,58
2012,DPPP,DPPP,58,58
2012,THRS,THRS,92,92
2012,PSYC,PSYC,6,6
2012,PSYC,SOCS,6,6
2012,PSYC,SSCM,6,6
2012,SOCS,SOCS,6,6
2012,SOCS,SSCM,6,6
2012,SSCM,SSCM,6,6
2012,ANAT,ANAT,1,1
2012,ANAT,PHPH,1,1
2012,ANAT,SOCS,1,1
2012,PHPH,PHPH,1,1
2012,PHPH,SOCS,1,1
2012,SOCS,SOCS,1,1
2012,MEED,MEED,1,1
2012,MEED,PSYC,1,1
2012,PSYC,PSYC,1,1
2012,EFIM,EFIM,53,53
2012,DFAS,DFAS,214,214
2012,DFAS,VESC,214,214
2012,VESC,VESC,214,214
2012,CLAS,CLAS,1,1
2012,CLAS,HIST,1,1
2012,HIST,HIST,1,1
2012,SOCS,SOCS,1963,1963
2012,LAWD,LAWD,66,66
2012,LAWD,SPAI,66,66
2012,SPAI,SPAI,66,66
2012,PANM,PANM,8,8
2012,PANM,PHPH,8,8
2012,PANM,SOCS,8,8
2012,PHPH,PHPH,8,8
2012,PHPH,SOCS,8,8
2012,SOCS,SOCS,8,8
2012,ADMO,ADMO,1,1
2012,ADMO,SSCM,1,1
2012,SSCM,SSCM,1,1
2012,COSC,COSC,1,1
2012,COSC,PSYC,1,1
2012,PSYC,PSYC,1,1
2012,HIST,HIST,1,1
2012,HIST,VESC,1,1
2012,VESC,VESC,1,1
2012,SOCS,SOCS,2,2
2012,SOCS,SSCM,2,2
2012,SOCS,STHE,2,2
2012,SSCM,SSCM,2,2
2012,SSCM,STHE,2,2
2012,STHE,STHE,2,2
2012,ADSI,ADSI,1,1
2012,ADSI,SSCM,1,1
2012,SSCM,SSCM,1,1
2012,ISYS,ISYS,1,1
2012,ISYS,PANM,1,1
2012,ISYS,SOCS,1,1
2012,PANM,PANM,1,1
2012,PANM,SOCS,1,1
2012,SOCS,SOCS,1,1
2012,BIOC,BIOC,1,1
2012,BIOC,PANM,1,1
2012,BIOC,SOCS,1,1
2012,BIOC,SSCM,1,1
2012,PANM,PANM,1,1
2012,PANM,SOCS,1,1
2012,PANM,SSCM,1,1
2012,SOCS,SOCS,1,1
2012,SOCS,SSCM,1,1
2012,SSCM,SSCM,1,1
2012,EENG,EENG,2,2
2012,EENG,IFAC,2,2
2012,EENG,MECH,2,2
2012,IFAC,IFAC,2,2
2012,IFAC,MECH,2,2
2012,MECH,MECH,2,2
2012,CHEM,CHEM,5,5
2012,CHEM,SOCS,5,5
2012,SOCS,SOCS,5,5
2012,ARCH,ARCH,7,7
2012,ARCH,CHEM,7,7
2012,CHEM,CHEM,7,7
2012,ORDS,ORDS,3,3
2012,ORDS,PSYC,3,3
2012,ORDS,SOCS,3,3
2012,ORDS,SSCM,3,3
2012,PSYC,PSYC,3,3
2012,PSYC,SOCS,3,3
2012,PSYC,SSCM,3,3
2012,SOCS,SOCS,3,3
2012,SOCS,SSCM,3,3
2012,SSCM,SSCM,3,3
2012,BFAC,BFAC,1,1
2012,BFAC,SOCS,1,1
2012,BFAC,SSCM,1,1
2012,SOCS,SOCS,1,1
2012,SOCS,SSCM,1,1
2012,SSCM,SSCM,1,1
2012,MGRC,MGRC,7,7
2012,MGRC,SPOL,7,7
2012,SPOL,SPOL,7,7
2012,ATHF,ATHF,2,2
2012,HIST,HIST,577,577
2012,MDYF,MDYF,3,3
2012,MDYF,ORDS,3,3
2012,MDYF,SOCS,3,3
2012,MDYF,SSCM,3,3
2012,ORDS,ORDS,3,3
2012,ORDS,SOCS,3,3
2012,ORDS,SSCM,3,3
2012,SOCS,SOCS,3,3
2012,SOCS,SSCM,3,3
2012,SSCM,SSCM,3,3
2012,LCVS,LCVS,1,1
2012,LCVS,PHPH,1,1
2012,LCVS,VESC,1,1
2012,PHPH,PHPH,1,1
2012,PHPH,VESC,1,1
2012,VESC,VESC,1,1
2012,CHEM,CHEM,1,1
2012,CHEM,MEED,1,1
2012,MEED,MEED,1,1
2012,AERO,AERO,1,1
2012,AERO,MATH,1,1
2012,MATH,MATH,1,1
2012,BIOC,BIOC,1,1
2012,BIOC,EMAT,1,1
2012,BIOC,GEOG,1,1
2012,EMAT,EMAT,1,1
2012,EMAT,GEOG,1,1
2012,GEOG,GEOG,1,1
2012,SCIF,SCIF,10,10
2012,GEOG,GEOG,1,1
2012,GEOG,ISYS,1,1
2012,ISYS,ISYS,1,1
2012,AERO,AERO,2,2
2012,AERO,CHEM,2,2
2012,AERO,DPPP,2,2
2012,AERO,PANM,2,2
2012,CHEM,CHEM,2,2
2012,CHEM,DPPP,2,2
2012,CHEM,PANM,2,2
2012,DPPP,DPPP,2,2
2012,DPPP,PANM,2,2
2012,PANM,PANM,2,2
2012,MDYF,MDYF,2,2
2012,MDYF,ORDS,2,2
2012,MDYF,SOCS,2,2
2012,ORDS,ORDS,2,2
2012,ORDS,SOCS,2,2
2012,SOCS,SOCS,2,2
2012,MGRC,MGRC,128,128
2012,MECH,MECH,3,3
2012,MECH,ORDS,3,3
2012,ORDS,ORDS,3,3
2012,BIOC,BIOC,2,2
2012,BIOC,SSCM,2,2
2012,SSCM,SSCM,2,2
2012,EMAT,EMAT,7,7
2012,EMAT,PHYS,7,7
2012,PHYS,PHYS,7,7
2012,MEED,MEED,1,1
2012,MEED,PHPH,1,1
2012,PHPH,PHPH,1,1
2012,BIOC,BIOC,3,3
2012,BIOC,MVSF,3,3
2012,BIOC,SOCS,3,3
2012,MVSF,MVSF,3,3
2012,MVSF,SOCS,3,3
2012,SOCS,SOCS,3,3
2012,AERO,AERO,3,3
2012,AERO,EENG,3,3
2012,AERO,MECH,3,3
2012,EENG,EENG,3,3
2012,EENG,MECH,3,3
2012,MECH,MECH,3,3
2012,MEED,MEED,4,4
2012,MEED,PANM,4,4
2012,MEED,SOCS,4,4
2012,PANM,PANM,4,4
2012,PANM,SOCS,4,4
2012,SOCS,SOCS,4,4
2012,AERO,AERO,2,2
2012,AERO,BISC,2,2
2012,AERO,EMAT,2,2
2012,BISC,BISC,2,2
2012,BISC,EMAT,2,2
2012,EMAT,EMAT,2,2
2012,SART,SART,1,1
2012,PANM,PANM,1,1
2012,PANM,SCIF,1,1
2012,PANM,SOCS,1,1
2012,PANM,SSCM,1,1
2012,SCIF,SCIF,1,1
2012,SCIF,SOCS,1,1
2012,SCIF,SSCM,1,1
2012,SOCS,SOCS,1,1
2012,SOCS,SSCM,1,1
2012,SSCM,SSCM,1,1
2012,BIOC,BIOC,2,2
2012,BIOC,BISC,2,2
2012,BIOC,EMAT,2,2
2012,BISC,BISC,2,2
2012,BISC,EMAT,2,2
2012,EMAT,EMAT,2,2
2012,ENGF,ENGF,2,2
2012,ENGF,FSTA,2,2
2012,ENGF,MSAD,2,2
2012,ENGF,SITG,2,2
2012,ENGF,SSCM,2,2
2012,FSTA,FSTA,2,2
2012,FSTA,MSAD,2,2
2012,FSTA,SITG,2,2
2012,FSTA,SSCM,2,2
2012,MSAD,MSAD,2,2
2012,MSAD,SITG,2,2
2012,MSAD,SSCM,2,2
2012,SITG,SITG,2,2
2012,SITG,SSCM,2,2
2012,SSCM,SSCM,2,2
2012,EENG,EENG,1,1
2012,EENG,MVEN,1,1
2012,EENG,PHYS,1,1
2012,MVEN,MVEN,1,1
2012,MVEN,PHYS,1,1
2012,PHYS,PHYS,1,1
2012,BIOC,BIOC,2,2
2012,BIOC,VESC,2,2
2012,VESC,VESC,2,2
2012,VESC,VESC,10,10
2012,VESC,VGEN,10,10
2012,VGEN,VGEN,10,10
2012,MDYF,MDYF,4,4
2012,MDYF,SPOL,4,4
2012,MDYF,SSCM,4,4
2012,SPOL,SPOL,4,4
2012,SPOL,SSCM,4,4
2012,SSCM,SSCM,4,4
2012,GELY,GELY,1,1
2012,GELY,TSSP,1,1
2012,TSSP,TSSP,1,1
2012,GELY,GELY,2,2
2012,GELY,SOCS,2,2
2012,SOCS,SOCS,2,2
2012,EDUC,EDUC,3,3
2012,EDUC,ENGF,3,3
2012,ENGF,ENGF,3,3
2012,AERO,AERO,1,1
2012,AERO,ENGF,1,1
2012,AERO,NCCC,1,1
2012,ENGF,ENGF,1,1
2012,ENGF,NCCC,1,1
2012,NCCC,NCCC,1,1
2012,PANM,PANM,166,166
2012,PANM,SOCS,166,166
2012,SOCS,SOCS,166,166
2012,MEED,MEED,7,7
2012,MEED,SOCS,7,7
2012,MEED,SSCM,7,7
2012,SOCS,SOCS,7,7
2012,SOCS,SSCM,7,7
2012,SSCM,SSCM,7,7
2012,BIOC,BIOC,2,2
2012,BIOC,CHEM,2,2
2012,BIOC,PHPH,2,2
2012,BIOC,SOCS,2,2
2012,CHEM,CHEM,2,2
2012,CHEM,PHPH,2,2
2012,CHEM,SOCS,2,2
2012,PHPH,PHPH,2,2
2012,PHPH,SOCS,2,2
2012,SOCS,SOCS,2,2
2012,CIVE,CIVE,9,9
2012,CIVE,GEOG,9,9
2012,GEOG,GEOG,9,9
2012,LAWD,LAWD,1,1
2012,LAWD,VPIM,1,1
2012,VPIM,VPIM,1,1
2012,MSAD,MSAD,2,2
2012,CIVE,CIVE,5,5
2012,CIVE,GELY,5,5
2012,GELY,GELY,5,5
2012,MDYF,MDYF,47,47
2012,MDYF,ORDS,47,47
2012,ORDS,ORDS,47,47
2012,MEED,MEED,1,1
2012,MEED,MSAD,1,1
2012,MEED,PANM,1,1
2012,MEED,SOCS,1,1
2012,MSAD,MSAD,1,1
2012,MSAD,PANM,1,1
2012,MSAD,SOCS,1,1
2012,PANM,PANM,1,1
2012,PANM,SOCS,1,1
2012,SOCS,SOCS,1,1
2012,CLAS,CLAS,1,1
2012,CLAS,ENGL,1,1
2012,ENGL,ENGL,1,1
2012,BIOC,BIOC,2,2
2012,BIOC,MVSF,2,2
2012,BIOC,PANM,2,2
2012,MVSF,MVSF,2,2
2012,MVSF,PANM,2,2
2012,PANM,PANM,2,2
2012,BISC,BISC,1,1
2012,BISC,EMAT,1,1
2012,BISC,PHPH,1,1
2012,EMAT,EMAT,1,1
2012,EMAT,PHPH,1,1
2012,PHPH,PHPH,1,1
2012,EENG,EENG,10,10
2012,EENG,GEOG,10,10
2012,GEOG,GEOG,10,10
2012,BRDC,BRDC,3,3
2012,LAWD,LAWD,1,1
2012,LAWD,SOCS,1,1
2012,LAWD,SSCM,1,1
2012,LAWD,VICH,1,1
2012,SOCS,SOCS,1,1
2012,SOCS,SSCM,1,1
2012,SOCS,VICH,1,1
2012,SSCM,SSCM,1,1
2012,SSCM,VICH,1,1
2012,VICH,VICH,1,1
2012,GEOG,GEOG,1,1
2012,GEOG,MECH,1,1
2012,MECH,MECH,1,1
2012,BISC,BISC,51,51
2012,BISC,GELY,51,51
2012,GELY,GELY,51,51
2012,MECH,MECH,777,777
2012,AERO,AERO,1,1
2012,AERO,PSYC,1,1
2012,PSYC,PSYC,1,1
2012,BIOC,BIOC,1,1
2012,BIOC,PANM,1,1
2012,BIOC,PHYS,1,1
2012,PANM,PANM,1,1
2012,PANM,PHYS,1,1
2012,PHYS,PHYS,1,1
2012,ECON,ECON,1,1
2012,ECON,EFIM,1,1
2012,ECON,MGRC,1,1
2012,ECON,SPOL,1,1
2012,EFIM,EFIM,1,1
2012,EFIM,MGRC,1,1
2012,EFIM,SPOL,1,1
2012,MGRC,MGRC,1,1
2012,MGRC,SPOL,1,1
2012,SPOL,SPOL,1,1
2012,MDYF,MDYF,2,2
2012,MDYF,MEED,2,2
2012,MEED,MEED,2,2
2012,BIOC,BIOC,1,1
2012,BIOC,CHEM,1,1
2012,BIOC,PANM,1,1
2012,CHEM,CHEM,1,1
2012,CHEM,PANM,1,1
2012,PANM,PANM,1,1
2012,DPPP,DPPP,1,1
2012,DPPP,PSYC,1,1
2012,DPPP,VICH,1,1
2012,PSYC,PSYC,1,1
2012,PSYC,VICH,1,1
2012,VICH,VICH,1,1
2012,MECH,MECH,5,5
2012,MECH,PSYC,5,5
2012,PSYC,PSYC,5,5
2012,MVSF,MVSF,5,5
2012,MVSF,SOCS,5,5
2012,SOCS,SOCS,5,5
2012,FREN,FREN,171,171
2012,LCVS,LCVS,2,2
2012,LCVS,PANM,2,2
2012,LCVS,VCAD,2,2
2012,LCVS,VESC,2,2
2012,LCVS,VPIM,2,2
2012,PANM,PANM,2,2
2012,PANM,VCAD,2,2
2012,PANM,VESC,2,2
2012,PANM,VPIM,2,2
2012,VCAD,VCAD,2,2
2012,VCAD,VESC,2,2
2012,VCAD,VPIM,2,2
2012,VESC,VESC,2,2
2012,VESC,VPIM,2,2
2012,VPIM,VPIM,2,2
2012,GEOG,GEOG,4,4
2012,GEOG,MATH,4,4
2012,MATH,MATH,4,4
2012,SOCS,SOCS,13,13
2012,SOCS,SPOL,13,13
2012,SOCS,SSCM,13,13
2012,SPOL,SPOL,13,13
2012,SPOL,SSCM,13,13
2012,SSCM,SSCM,13,13
2012,DPPP,DPPP,1,1
2012,DPPP,SPAI,1,1
2012,DPPP,VICH,1,1
2012,SPAI,SPAI,1,1
2012,SPAI,VICH,1,1
2012,VICH,VICH,1,1
2012,BISC,BISC,6,6
2012,BISC,EDUC,6,6
2012,EDUC,EDUC,6,6
