org1,org2,2008,2009,2010,2011,2012,2013
ADMO,SSCM,1.0,0.0,0.0,0.0,0.0,0.0
ADSI,SOCS,0.0,0.0,0.0,1.0,0.0,0.0
ADSI,SSCM,0.0,0.0,0.0,0.0,1.0,0.0
ATHF,ISYS,0.0,1.0,1.0,3.0,0.0,0.0
ATHF,ORDS,1.0,1.0,3.0,0.0,0.0,0.0
ATHF,SOCS,0.0,1.0,1.0,4.0,0.0,2.0
ATHF,SPOL,1.0,1.0,1.0,0.0,0.0,0.0
ATHF,SSCM,0.0,1.0,6.0,5.0,0.0,3.0
BCAP,PANM,0.0,0.0,1.0,0.0,0.0,0.0
BIOC,BISC,1.0,0.0,1.0,1.0,2.0,1.0
BIOC,CHEM,4.0,3.0,4.0,6.0,5.0,7.0
BIOC,DPPP,0.0,1.0,0.0,0.0,1.0,0.0
BIOC,GEOG,2.0,3.0,0.0,0.0,0.0,0.0
BIOC,MATH,0.0,0.0,0.0,2.0,1.0,1.0
BIOC,MEED,0.0,0.0,1.0,0.0,1.0,0.0
BIOC,MSAD,0.0,0.0,1.0,2.0,1.0,0.0
BIOC,MVEN,1.0,0.0,1.0,1.0,9.0,4.0
BIOC,MVSF,3.0,8.0,3.0,7.0,14.0,9.0
BIOC,ORDS,1.0,0.0,0.0,3.0,2.0,2.0
BIOC,PANM,2.0,1.0,8.0,9.0,2.0,9.0
BIOC,PHPH,6.0,8.0,8.0,17.0,14.0,15.0
BIOC,PHYS,2.0,0.0,1.0,2.0,2.0,1.0
BIOC,QUEN,0.0,0.0,0.0,0.0,1.0,0.0
BIOC,SOCS,5.0,8.0,12.0,11.0,11.0,10.0
BIOC,SSCM,0.0,0.0,0.0,2.0,1.0,4.0
BIOC,VESC,0.0,0.0,0.0,0.0,0.0,2.0
BISC,BIOC,1.0,0.0,1.0,1.0,2.0,1.0
BISC,CHEM,2.0,0.0,3.0,4.0,2.0,3.0
BISC,DPPP,1.0,1.0,1.0,0.0,0.0,1.0
BISC,EDUC,0.0,0.0,2.0,1.0,2.0,2.0
BISC,GELY,6.0,4.0,10.0,10.0,11.0,11.0
BISC,GEOG,0.0,1.0,3.0,1.0,8.0,4.0
BISC,ISYS,0.0,0.0,0.0,0.0,0.0,1.0
BISC,MATH,12.0,6.0,0.0,5.0,9.0,7.0
BISC,MVEN,3.0,5.0,9.0,6.0,8.0,6.0
BISC,MVSF,0.0,0.0,0.0,0.0,1.0,1.0
BISC,ORDS,0.0,0.0,0.0,0.0,1.0,0.0
BISC,PANM,0.0,0.0,0.0,0.0,1.0,0.0
BISC,PHPH,3.0,2.0,2.0,0.0,5.0,2.0
BISC,PHYS,1.0,0.0,2.0,0.0,2.0,1.0
BISC,PSYC,0.0,0.0,1.0,2.0,1.0,2.0
BISC,QUEN,0.0,0.0,1.0,1.0,1.0,1.0
BISC,SART,0.0,0.0,0.0,0.0,2.0,0.0
BISC,SOCS,1.0,1.0,1.0,0.0,1.0,1.0
BISC,SSCM,3.0,2.0,0.0,3.0,1.0,1.0
BISC,VESC,4.0,7.0,1.0,7.0,7.0,2.0
BRDC,PHYS,7.0,6.0,2.0,2.0,1.0,2.0
BRDC,SOCS,0.0,0.0,0.0,0.0,0.0,1.0
BRDC,SSCM,0.0,0.0,0.0,0.0,1.0,0.0
CABI,SSCM,0.0,0.0,0.0,0.0,0.0,1.0
CARA,CHEM,0.0,0.0,0.0,0.0,1.0,0.0
CARA,SSCM,0.0,0.0,0.0,0.0,1.0,0.0
CHEM,BIOC,4.0,3.0,4.0,6.0,5.0,7.0
CHEM,BISC,2.0,0.0,3.0,4.0,2.0,3.0
CHEM,CARA,0.0,0.0,0.0,0.0,1.0,0.0
CHEM,CRSM,0.0,0.0,0.0,1.0,0.0,0.0
CHEM,DPPP,16.0,33.0,24.0,23.0,18.0,22.0
CHEM,EDUC,0.0,1.0,0.0,0.0,0.0,0.0
CHEM,GELY,7.0,7.0,2.0,2.0,8.0,5.0
CHEM,GEOG,1.0,3.0,2.0,3.0,6.0,9.0
CHEM,HUMS,0.0,0.0,0.0,1.0,0.0,0.0
CHEM,ISYS,0.0,0.0,0.0,0.0,0.0,2.0
CHEM,MATH,0.0,1.0,0.0,4.0,1.0,7.0
CHEM,MDYF,0.0,0.0,0.0,0.0,0.0,1.0
CHEM,MEED,0.0,0.0,1.0,0.0,0.0,1.0
CHEM,MODL,0.0,2.0,5.0,0.0,0.0,0.0
CHEM,MVEN,1.0,0.0,3.0,1.0,2.0,2.0
CHEM,MVSF,1.0,2.0,1.0,1.0,1.0,1.0
CHEM,NCCC,0.0,0.0,0.0,1.0,0.0,0.0
CHEM,ORDS,0.0,1.0,1.0,1.0,2.0,3.0
CHEM,ORED,1.0,1.0,0.0,0.0,0.0,0.0
CHEM,PANM,0.0,3.0,2.0,7.0,9.0,10.0
CHEM,PERS,0.0,0.0,0.0,0.0,0.0,1.0
CHEM,PHPH,1.0,0.0,1.0,2.0,0.0,1.0
CHEM,PHYS,9.0,8.0,5.0,11.0,13.0,22.0
CHEM,PSYC,0.0,0.0,1.0,0.0,0.0,0.0
CHEM,QUEN,1.0,1.0,2.0,5.0,2.0,6.0
CHEM,SART,0.0,0.0,0.0,2.0,3.0,2.0
CHEM,SCIF,0.0,0.0,0.0,2.0,0.0,0.0
CHEM,SOCS,2.0,1.0,4.0,3.0,3.0,3.0
CHEM,SOFM,0.0,2.0,0.0,0.0,0.0,0.0
CHEM,SSCM,0.0,1.0,1.0,2.0,2.0,3.0
CHEM,VESC,0.0,1.0,1.0,1.0,0.0,0.0
CHEM,VICH,12.0,8.0,11.0,6.0,5.0,3.0
CHSE,MDYF,0.0,0.0,0.0,1.0,0.0,0.0
CHSE,MSAD,0.0,0.0,1.0,1.0,0.0,0.0
CHSE,ORDS,0.0,0.0,0.0,1.0,0.0,0.0
CHSE,PHPH,0.0,0.0,0.0,0.0,1.0,0.0
CHSE,SART,1.0,0.0,0.0,0.0,0.0,0.0
CHSE,SOCS,6.0,3.0,1.0,1.0,2.0,1.0
CHSE,SSCM,1.0,1.0,1.0,0.0,2.0,0.0
CHSE,VESC,0.0,0.0,0.0,0.0,1.0,4.0
CRSM,CHEM,0.0,0.0,0.0,1.0,0.0,0.0
CRSM,PHYS,0.0,0.0,0.0,1.0,0.0,0.0
DPPP,BIOC,0.0,1.0,0.0,0.0,1.0,0.0
DPPP,BISC,1.0,1.0,1.0,0.0,0.0,1.0
DPPP,CHEM,16.0,33.0,24.0,23.0,18.0,22.0
DPPP,HUMS,1.0,0.0,0.0,0.0,0.0,0.0
DPPP,ITEL,1.0,0.0,0.0,0.0,0.0,0.0
DPPP,LAWD,1.0,0.0,0.0,0.0,0.0,0.0
DPPP,MODL,2.0,1.0,1.0,3.0,0.0,2.0
DPPP,MVEN,0.0,2.0,0.0,0.0,0.0,1.0
DPPP,MVSF,1.0,1.0,0.0,0.0,0.0,0.0
DPPP,PANM,0.0,3.0,2.0,3.0,6.0,6.0
DPPP,PHPH,5.0,2.0,2.0,2.0,0.0,2.0
DPPP,PHYS,0.0,4.0,1.0,2.0,2.0,3.0
DPPP,PSYC,0.0,0.0,1.0,0.0,0.0,0.0
DPPP,QUEN,2.0,9.0,3.0,2.0,2.0,3.0
DPPP,READ,1.0,0.0,0.0,0.0,0.0,0.0
DPPP,SART,1.0,0.0,0.0,0.0,0.0,0.0
DPPP,SOCS,0.0,1.0,0.0,0.0,1.0,0.0
DPPP,SPAI,0.0,0.0,1.0,0.0,0.0,0.0
DPPP,VESC,0.0,0.0,0.0,1.0,0.0,0.0
DPPP,VICH,23.0,23.0,21.0,9.0,12.0,4.0
DPPP,WIDE,1.0,0.0,0.0,0.0,0.0,0.0
EDUC,BISC,0.0,0.0,2.0,1.0,2.0,2.0
EDUC,CHEM,0.0,1.0,0.0,0.0,0.0,0.0
EDUC,EFIM,1.0,0.0,0.0,0.0,0.0,1.0
EDUC,ENGF,3.0,0.0,0.0,0.0,0.0,0.0
EDUC,GELY,0.0,0.0,0.0,0.0,0.0,1.0
EDUC,GEOG,0.0,1.0,1.0,1.0,0.0,4.0
EDUC,ISYS,0.0,0.0,0.0,0.0,0.0,1.0
EDUC,MEED,0.0,1.0,1.0,2.0,0.0,3.0
EDUC,MVEN,0.0,0.0,0.0,1.0,0.0,3.0
EDUC,MVSF,0.0,0.0,0.0,0.0,0.0,1.0
EDUC,OPPO,2.0,0.0,0.0,1.0,0.0,0.0
EDUC,PANM,0.0,0.0,0.0,0.0,0.0,1.0
EDUC,PSYC,0.0,0.0,2.0,1.0,0.0,0.0
EDUC,QUEN,0.0,0.0,0.0,0.0,0.0,1.0
EDUC,SOCS,0.0,1.0,2.0,1.0,1.0,1.0
EDUC,SPOL,0.0,0.0,1.0,0.0,1.0,0.0
EDUC,SSCM,2.0,1.0,2.0,1.0,0.0,0.0
EDUC,VESC,5.0,8.0,3.0,6.0,5.0,6.0
EFIM,EDUC,1.0,0.0,0.0,0.0,0.0,1.0
EFIM,GEOG,1.0,0.0,0.0,0.0,0.0,0.0
EFIM,LAWD,0.0,0.0,0.0,0.0,0.0,1.0
EFIM,MDYF,0.0,0.0,0.0,0.0,0.0,1.0
EFIM,MEED,2.0,0.0,0.0,0.0,0.0,0.0
EFIM,MODL,0.0,0.0,1.0,0.0,0.0,0.0
EFIM,MVEN,0.0,0.0,1.0,0.0,0.0,0.0
EFIM,PSYC,0.0,0.0,0.0,0.0,0.0,1.0
EFIM,QUEN,0.0,0.0,0.0,0.0,1.0,0.0
EFIM,SART,0.0,0.0,1.0,0.0,1.0,0.0
EFIM,SPOL,3.0,2.0,3.0,3.0,1.0,2.0
EFIM,SSCM,3.0,0.0,2.0,3.0,2.0,11.0
ENGF,EDUC,3.0,0.0,0.0,0.0,0.0,0.0
ENGF,FSTA,0.0,0.0,0.0,0.0,2.0,0.0
ENGF,GEOG,0.0,0.0,0.0,0.0,1.0,0.0
ENGF,MSAD,0.0,0.0,0.0,0.0,3.0,0.0
ENGF,MVEN,10.0,12.0,4.0,11.0,6.0,10.0
ENGF,NCCC,0.0,1.0,0.0,1.0,1.0,1.0
ENGF,QUEN,3.0,4.0,2.0,6.0,3.0,7.0
ENGF,SITG,0.0,0.0,0.0,0.0,2.0,0.0
ENGF,SOCS,0.0,0.0,1.0,1.0,1.0,0.0
ENGF,SSCM,0.0,0.0,0.0,0.0,3.0,1.0
ENGF,VESC,0.0,0.0,1.0,0.0,0.0,0.0
FINC,GEOG,0.0,0.0,0.0,0.0,0.0,1.0
FINC,PHYS,0.0,0.0,0.0,0.0,1.0,0.0
FINC,SOCS,0.0,1.0,0.0,0.0,0.0,0.0
FINC,SSCM,0.0,1.0,1.0,0.0,0.0,0.0
FSTA,ENGF,0.0,0.0,0.0,0.0,2.0,0.0
FSTA,MSAD,0.0,0.0,0.0,0.0,2.0,0.0
FSTA,PANM,0.0,1.0,0.0,0.0,0.0,0.0
FSTA,PHPH,0.0,1.0,0.0,0.0,0.0,0.0
FSTA,QUEN,0.0,0.0,0.0,0.0,1.0,0.0
FSTA,SITG,0.0,0.0,0.0,0.0,2.0,0.0
FSTA,SOCS,0.0,1.0,0.0,0.0,0.0,0.0
FSTA,SSCM,0.0,0.0,0.0,1.0,3.0,0.0
FSTA,VESC,0.0,1.0,0.0,0.0,0.0,0.0
GELY,BISC,6.0,4.0,10.0,10.0,11.0,11.0
GELY,CHEM,7.0,7.0,2.0,2.0,8.0,5.0
GELY,EDUC,0.0,0.0,0.0,0.0,0.0,1.0
GELY,GEOG,2.0,3.0,9.0,6.0,7.0,15.0
GELY,ISYS,0.0,0.0,0.0,0.0,0.0,1.0
GELY,MATH,1.0,0.0,3.0,0.0,1.0,3.0
GELY,MEED,0.0,0.0,0.0,0.0,1.0,1.0
GELY,MVEN,0.0,0.0,0.0,0.0,0.0,2.0
GELY,PERS,0.0,0.0,0.0,0.0,1.0,0.0
GELY,PHYS,0.0,1.0,1.0,0.0,4.0,2.0
GELY,QUEN,2.0,3.0,0.0,3.0,1.0,3.0
GELY,SOCS,0.0,0.0,0.0,1.0,0.0,1.0
GELY,SSCM,0.0,0.0,0.0,0.0,2.0,2.0
GELY,VESC,0.0,0.0,0.0,0.0,0.0,1.0
GEOG,BIOC,2.0,3.0,0.0,0.0,0.0,0.0
GEOG,BISC,0.0,1.0,3.0,1.0,8.0,4.0
GEOG,CHEM,1.0,3.0,2.0,3.0,6.0,9.0
GEOG,EDUC,0.0,1.0,1.0,1.0,0.0,4.0
GEOG,EFIM,1.0,0.0,0.0,0.0,0.0,0.0
GEOG,ENGF,0.0,0.0,0.0,0.0,1.0,0.0
GEOG,FINC,0.0,0.0,0.0,0.0,0.0,1.0
GEOG,GELY,2.0,3.0,9.0,6.0,7.0,15.0
GEOG,HUMS,0.0,0.0,0.0,0.0,2.0,0.0
GEOG,ISYS,1.0,0.0,0.0,0.0,0.0,0.0
GEOG,MATH,0.0,0.0,0.0,1.0,2.0,1.0
GEOG,MEED,0.0,0.0,0.0,1.0,2.0,2.0
GEOG,MODL,0.0,0.0,1.0,0.0,0.0,0.0
GEOG,MVEN,2.0,0.0,4.0,0.0,1.0,6.0
GEOG,NCCC,0.0,0.0,0.0,0.0,1.0,0.0
GEOG,QUEN,0.0,2.0,0.0,4.0,3.0,7.0
GEOG,RESS,0.0,0.0,0.0,0.0,1.0,0.0
GEOG,SAFE,0.0,0.0,0.0,1.0,0.0,0.0
GEOG,SOCS,0.0,0.0,0.0,0.0,2.0,0.0
GEOG,SPAI,0.0,1.0,2.0,2.0,1.0,1.0
GEOG,SPOL,1.0,0.0,0.0,1.0,0.0,0.0
GEOG,SSCM,0.0,0.0,0.0,1.0,1.0,1.0
GEOG,WIDE,1.0,1.0,0.0,1.0,0.0,0.0
GSEN,QUEN,0.0,0.0,3.0,1.0,2.0,5.0
HUMS,CHEM,0.0,0.0,0.0,1.0,0.0,0.0
HUMS,DPPP,1.0,0.0,0.0,0.0,0.0,0.0
HUMS,GEOG,0.0,0.0,0.0,0.0,2.0,0.0
HUMS,IMAN,0.0,0.0,1.0,1.0,1.0,1.0
HUMS,ISYS,0.0,0.0,1.0,1.0,0.0,0.0
HUMS,ITEL,1.0,0.0,0.0,0.0,0.0,0.0
HUMS,LAWD,1.0,0.0,0.0,0.0,0.0,1.0
HUMS,MEED,0.0,0.0,0.0,0.0,2.0,0.0
HUMS,OPPO,0.0,0.0,0.0,0.0,1.0,0.0
HUMS,ORED,0.0,0.0,0.0,0.0,1.0,1.0
HUMS,PERS,2.0,1.0,3.0,7.0,2.0,5.0
HUMS,QUEN,1.0,0.0,0.0,0.0,0.0,0.0
HUMS,READ,1.0,0.0,0.0,0.0,0.0,0.0
HUMS,SART,2.0,1.0,3.0,4.0,1.0,1.0
HUMS,SOCS,0.0,0.0,0.0,1.0,0.0,0.0
HUMS,SPAI,0.0,0.0,0.0,1.0,2.0,3.0
HUMS,VESC,0.0,1.0,0.0,1.0,0.0,0.0
HUMS,VICH,1.0,0.0,0.0,0.0,0.0,0.0
HUMS,WIDE,1.0,0.0,0.0,0.0,0.0,0.0
IMAN,HUMS,0.0,0.0,1.0,1.0,1.0,1.0
IMAN,INFO,1.0,0.0,0.0,0.0,0.0,0.0
IMAN,ISYS,0.0,0.0,1.0,1.0,2.0,0.0
IMAN,MEED,1.0,0.0,0.0,0.0,0.0,0.0
IMAN,MVEN,0.0,0.0,0.0,1.0,1.0,0.0
IMAN,NCCC,1.0,0.0,0.0,0.0,0.0,0.0
IMAN,OPPO,0.0,0.0,0.0,0.0,1.0,0.0
IMAN,QUEN,0.0,0.0,0.0,0.0,1.0,0.0
IMAN,SART,0.0,0.0,0.0,0.0,1.0,0.0
IMAN,SOCS,0.0,0.0,0.0,0.0,1.0,0.0
IMAN,SSCM,1.0,0.0,0.0,0.0,0.0,1.0
INFO,IMAN,1.0,0.0,0.0,0.0,0.0,0.0
INOV,MVEN,2.0,1.0,1.0,0.0,2.0,2.0
INOV,PSYC,1.0,0.0,0.0,0.0,0.0,0.0
INOV,QUEN,0.0,0.0,0.0,0.0,1.0,0.0
INTL,VESC,0.0,0.0,0.0,1.0,0.0,0.0
IPSS,MATH,0.0,0.0,1.0,0.0,0.0,0.0
IPSS,PERS,0.0,4.0,1.0,0.0,1.0,3.0
IPSS,SOCS,0.0,2.0,1.0,0.0,0.0,0.0
IPSS,SPOL,0.0,0.0,0.0,0.0,0.0,5.0
IPSS,SSCM,0.0,4.0,1.0,0.0,1.0,5.0
ISYS,ATHF,0.0,1.0,1.0,3.0,0.0,0.0
ISYS,BISC,0.0,0.0,0.0,0.0,0.0,1.0
ISYS,CHEM,0.0,0.0,0.0,0.0,0.0,2.0
ISYS,EDUC,0.0,0.0,0.0,0.0,0.0,1.0
ISYS,GELY,0.0,0.0,0.0,0.0,0.0,1.0
ISYS,GEOG,1.0,0.0,0.0,0.0,0.0,0.0
ISYS,HUMS,0.0,0.0,1.0,1.0,0.0,0.0
ISYS,IMAN,0.0,0.0,1.0,1.0,2.0,0.0
ISYS,MVEN,1.0,1.0,2.0,1.0,0.0,4.0
ISYS,ORDS,0.0,0.0,1.0,0.0,0.0,0.0
ISYS,PANM,0.0,0.0,1.0,0.0,0.0,0.0
ISYS,PHYS,1.0,1.0,1.0,0.0,1.0,0.0
ISYS,QUEN,0.0,0.0,0.0,0.0,0.0,1.0
ISYS,SART,0.0,1.0,0.0,0.0,0.0,0.0
ISYS,SOCS,0.0,4.0,2.0,4.0,0.0,0.0
ISYS,SSCM,1.0,4.0,2.0,4.0,0.0,0.0
ISYS,VESC,0.0,0.0,1.0,0.0,0.0,0.0
ITEL,DPPP,1.0,0.0,0.0,0.0,0.0,0.0
ITEL,HUMS,1.0,0.0,0.0,0.0,0.0,0.0
ITEL,LAWD,1.0,0.0,0.0,0.0,0.0,0.0
ITEL,QUEN,1.0,0.0,0.0,0.0,0.0,0.0
ITEL,READ,1.0,0.0,0.0,0.0,0.0,0.0
ITEL,SART,1.0,0.0,0.0,0.0,0.0,0.0
ITEL,VICH,1.0,0.0,0.0,0.0,0.0,0.0
ITEL,WIDE,1.0,0.0,0.0,0.0,0.0,0.0
LANG,SOCS,0.0,0.0,0.0,1.0,0.0,0.0
LAWD,DPPP,1.0,0.0,0.0,0.0,0.0,0.0
LAWD,EFIM,0.0,0.0,0.0,0.0,0.0,1.0
LAWD,HUMS,1.0,0.0,0.0,0.0,0.0,1.0
LAWD,ITEL,1.0,0.0,0.0,0.0,0.0,0.0
LAWD,ORDS,0.0,0.0,0.0,0.0,0.0,1.0
LAWD,QUEN,1.0,0.0,0.0,0.0,0.0,0.0
LAWD,READ,1.0,0.0,0.0,0.0,0.0,0.0
LAWD,SART,1.0,0.0,0.0,0.0,0.0,0.0
LAWD,SOCS,0.0,0.0,0.0,0.0,1.0,0.0
LAWD,SPAI,15.0,15.0,15.0,11.0,5.0,6.0
LAWD,SPOL,0.0,1.0,0.0,0.0,1.0,1.0
LAWD,SSCM,5.0,6.0,7.0,3.0,3.0,1.0
LAWD,VESC,0.0,0.0,0.0,0.0,1.0,0.0
LAWD,VICH,1.0,0.0,0.0,0.0,1.0,0.0
LAWD,WIDE,1.0,0.0,0.0,0.0,0.0,0.0
MATH,BIOC,0.0,0.0,0.0,2.0,1.0,1.0
MATH,BISC,12.0,6.0,0.0,5.0,9.0,7.0
MATH,CHEM,0.0,1.0,0.0,4.0,1.0,7.0
MATH,GELY,1.0,0.0,3.0,0.0,1.0,3.0
MATH,GEOG,0.0,0.0,0.0,1.0,2.0,1.0
MATH,IPSS,0.0,0.0,1.0,0.0,0.0,0.0
MATH,MVEN,2.0,0.0,4.0,1.0,2.0,1.0
MATH,MVSF,0.0,0.0,0.0,0.0,0.0,1.0
MATH,PHPH,0.0,0.0,1.0,0.0,0.0,1.0
MATH,PHYS,0.0,3.0,2.0,4.0,2.0,7.0
MATH,QUEN,1.0,0.0,0.0,0.0,1.0,1.0
MATH,SART,0.0,1.0,1.0,2.0,2.0,1.0
MATH,SOCS,0.0,0.0,0.0,0.0,0.0,2.0
MATH,SPAI,0.0,0.0,0.0,0.0,0.0,1.0
MATH,SSCM,2.0,1.0,3.0,6.0,5.0,1.0
MATH,VESC,2.0,0.0,0.0,1.0,1.0,2.0
MDYF,CHEM,0.0,0.0,0.0,0.0,0.0,1.0
MDYF,CHSE,0.0,0.0,0.0,1.0,0.0,0.0
MDYF,EFIM,0.0,0.0,0.0,0.0,0.0,1.0
MDYF,MEED,4.0,4.0,4.0,3.0,1.0,2.0
MDYF,ORDS,5.0,11.0,6.0,15.0,12.0,10.0
MDYF,PANM,0.0,0.0,0.0,0.0,0.0,1.0
MDYF,PHPH,4.0,4.0,3.0,2.0,1.0,2.0
MDYF,QUEN,1.0,1.0,0.0,2.0,1.0,0.0
MDYF,SOCS,1.0,0.0,3.0,1.0,3.0,2.0
MDYF,SPOL,0.0,0.0,1.0,3.0,0.0,0.0
MDYF,SSCM,6.0,4.0,6.0,7.0,6.0,10.0
MEED,BIOC,0.0,0.0,1.0,0.0,1.0,0.0
MEED,CHEM,0.0,0.0,1.0,0.0,0.0,1.0
MEED,EDUC,0.0,1.0,1.0,2.0,0.0,3.0
MEED,EFIM,2.0,0.0,0.0,0.0,0.0,0.0
MEED,GELY,0.0,0.0,0.0,0.0,1.0,1.0
MEED,GEOG,0.0,0.0,0.0,1.0,2.0,2.0
MEED,HUMS,0.0,0.0,0.0,0.0,2.0,0.0
MEED,IMAN,1.0,0.0,0.0,0.0,0.0,0.0
MEED,MDYF,4.0,4.0,4.0,3.0,1.0,2.0
MEED,MSAD,0.0,0.0,0.0,0.0,1.0,0.0
MEED,MVEN,0.0,0.0,0.0,0.0,0.0,2.0
MEED,NCCC,1.0,0.0,0.0,0.0,1.0,0.0
MEED,PANM,2.0,0.0,1.0,2.0,2.0,1.0
MEED,PHPH,4.0,5.0,3.0,2.0,3.0,2.0
MEED,PHYS,0.0,0.0,0.0,1.0,0.0,1.0
MEED,PSYC,0.0,0.0,0.0,1.0,1.0,0.0
MEED,SITG,0.0,0.0,1.0,0.0,0.0,0.0
MEED,SOCS,8.0,6.0,10.0,11.0,15.0,14.0
MEED,SSCM,4.0,5.0,3.0,4.0,6.0,5.0
MEED,VESC,0.0,0.0,0.0,0.0,1.0,0.0
MODL,CHEM,0.0,2.0,5.0,0.0,0.0,0.0
MODL,DPPP,2.0,1.0,1.0,3.0,0.0,2.0
MODL,EFIM,0.0,0.0,1.0,0.0,0.0,0.0
MODL,GEOG,0.0,0.0,1.0,0.0,0.0,0.0
MODL,SART,0.0,0.0,1.0,0.0,0.0,0.0
MODL,SSCM,0.0,0.0,1.0,0.0,0.0,0.0
MSAD,BIOC,0.0,0.0,1.0,2.0,1.0,0.0
MSAD,CHSE,0.0,0.0,1.0,1.0,0.0,0.0
MSAD,ENGF,0.0,0.0,0.0,0.0,3.0,0.0
MSAD,FSTA,0.0,0.0,0.0,0.0,2.0,0.0
MSAD,MEED,0.0,0.0,0.0,0.0,1.0,0.0
MSAD,PANM,0.0,4.0,4.0,1.0,3.0,0.0
MSAD,PHPH,0.0,0.0,1.0,0.0,1.0,0.0
MSAD,SITG,0.0,0.0,0.0,0.0,2.0,0.0
MSAD,SOCS,0.0,0.0,1.0,2.0,1.0,0.0
MSAD,SSCM,0.0,0.0,0.0,0.0,5.0,3.0
MVEN,BIOC,1.0,0.0,1.0,1.0,9.0,4.0
MVEN,BISC,3.0,5.0,9.0,6.0,8.0,6.0
MVEN,CHEM,1.0,0.0,3.0,1.0,2.0,2.0
MVEN,DPPP,0.0,2.0,0.0,0.0,0.0,1.0
MVEN,EDUC,0.0,0.0,0.0,1.0,0.0,3.0
MVEN,EFIM,0.0,0.0,1.0,0.0,0.0,0.0
MVEN,ENGF,10.0,12.0,4.0,11.0,6.0,10.0
MVEN,GELY,0.0,0.0,0.0,0.0,0.0,2.0
MVEN,GEOG,2.0,0.0,4.0,0.0,1.0,6.0
MVEN,IMAN,0.0,0.0,0.0,1.0,1.0,0.0
MVEN,INOV,2.0,1.0,1.0,0.0,2.0,2.0
MVEN,ISYS,1.0,1.0,2.0,1.0,0.0,4.0
MVEN,MATH,2.0,0.0,4.0,1.0,2.0,1.0
MVEN,MEED,0.0,0.0,0.0,0.0,0.0,2.0
MVEN,MVSF,0.0,0.0,0.0,0.0,3.0,0.0
MVEN,NCCC,0.0,1.0,0.0,1.0,0.0,0.0
MVEN,ORDS,0.0,0.0,0.0,1.0,1.0,1.0
MVEN,PANM,2.0,0.0,1.0,2.0,2.0,3.0
MVEN,PHPH,0.0,0.0,0.0,3.0,4.0,5.0
MVEN,PHYS,37.0,34.0,23.0,26.0,32.0,22.0
MVEN,PSYC,1.0,0.0,2.0,0.0,0.0,2.0
MVEN,QUEN,27.0,23.0,24.0,22.0,29.0,27.0
MVEN,SART,2.0,6.0,11.0,6.0,6.0,3.0
MVEN,SOCS,10.0,7.0,11.0,4.0,6.0,5.0
MVEN,SSCM,0.0,0.0,0.0,0.0,0.0,3.0
MVEN,VESC,0.0,0.0,0.0,2.0,0.0,2.0
MVEN,VICH,14.0,8.0,11.0,8.0,5.0,1.0
MVSF,BIOC,3.0,8.0,3.0,7.0,14.0,9.0
MVSF,BISC,0.0,0.0,0.0,0.0,1.0,1.0
MVSF,CHEM,1.0,2.0,1.0,1.0,1.0,1.0
MVSF,DPPP,1.0,1.0,0.0,0.0,0.0,0.0
MVSF,EDUC,0.0,0.0,0.0,0.0,0.0,1.0
MVSF,MATH,0.0,0.0,0.0,0.0,0.0,1.0
MVSF,MVEN,0.0,0.0,0.0,0.0,3.0,0.0
MVSF,PANM,0.0,1.0,0.0,1.0,3.0,3.0
MVSF,PHPH,0.0,4.0,4.0,4.0,4.0,2.0
MVSF,PHYS,0.0,0.0,0.0,0.0,1.0,1.0
MVSF,SOCS,1.0,5.0,2.0,4.0,6.0,4.0
MVSF,SSCM,0.0,0.0,0.0,1.0,0.0,2.0
MVSF,VESC,0.0,1.0,1.0,2.0,0.0,0.0
NCCC,CHEM,0.0,0.0,0.0,1.0,0.0,0.0
NCCC,ENGF,0.0,1.0,0.0,1.0,1.0,1.0
NCCC,GEOG,0.0,0.0,0.0,0.0,1.0,0.0
NCCC,IMAN,1.0,0.0,0.0,0.0,0.0,0.0
NCCC,MEED,1.0,0.0,0.0,0.0,1.0,0.0
NCCC,MVEN,0.0,1.0,0.0,1.0,0.0,0.0
NCCC,QUEN,8.0,13.0,5.0,8.0,12.0,9.0
NCCC,SOCS,0.0,0.0,0.0,0.0,1.0,1.0
NCCC,SSCM,1.0,0.0,0.0,0.0,0.0,2.0
NCCC,VESC,0.0,0.0,0.0,0.0,1.0,0.0
NSQI,ORDS,0.0,1.0,0.0,0.0,0.0,0.0
NSQI,PHYS,1.0,2.0,0.0,0.0,0.0,0.0
OPPO,EDUC,2.0,0.0,0.0,1.0,0.0,0.0
OPPO,HUMS,0.0,0.0,0.0,0.0,1.0,0.0
OPPO,IMAN,0.0,0.0,0.0,0.0,1.0,0.0
OPPO,SART,0.0,0.0,0.0,0.0,1.0,0.0
ORDS,ATHF,1.0,1.0,3.0,0.0,0.0,0.0
ORDS,BIOC,1.0,0.0,0.0,3.0,2.0,2.0
ORDS,BISC,0.0,0.0,0.0,0.0,1.0,0.0
ORDS,CHEM,0.0,1.0,1.0,1.0,2.0,3.0
ORDS,CHSE,0.0,0.0,0.0,1.0,0.0,0.0
ORDS,ISYS,0.0,0.0,1.0,0.0,0.0,0.0
ORDS,LAWD,0.0,0.0,0.0,0.0,0.0,1.0
ORDS,MDYF,5.0,11.0,6.0,15.0,12.0,10.0
ORDS,MVEN,0.0,0.0,0.0,1.0,1.0,1.0
ORDS,NSQI,0.0,1.0,0.0,0.0,0.0,0.0
ORDS,PANM,3.0,0.0,1.0,3.0,3.0,1.0
ORDS,PHPH,1.0,1.0,2.0,0.0,0.0,1.0
ORDS,PHYS,2.0,3.0,0.0,1.0,1.0,2.0
ORDS,PSYC,5.0,0.0,2.0,1.0,1.0,0.0
ORDS,QUEN,4.0,4.0,0.0,2.0,1.0,1.0
ORDS,SOCS,11.0,9.0,15.0,17.0,17.0,11.0
ORDS,SPOL,2.0,4.0,2.0,4.0,4.0,1.0
ORDS,SSCM,23.0,15.0,24.0,23.0,21.0,18.0
ORDS,VESC,1.0,0.0,0.0,0.0,0.0,0.0
ORED,CHEM,1.0,1.0,0.0,0.0,0.0,0.0
ORED,HUMS,0.0,0.0,0.0,0.0,1.0,1.0
ORED,PANM,0.0,0.0,0.0,0.0,0.0,1.0
ORED,PHPH,0.0,0.0,0.0,0.0,0.0,1.0
ORED,SOCS,1.0,0.0,0.0,0.0,0.0,0.0
PANM,BCAP,0.0,0.0,1.0,0.0,0.0,0.0
PANM,BIOC,2.0,1.0,8.0,9.0,2.0,9.0
PANM,BISC,0.0,0.0,0.0,0.0,1.0,0.0
PANM,CHEM,0.0,3.0,2.0,7.0,9.0,10.0
PANM,DPPP,0.0,3.0,2.0,3.0,6.0,6.0
PANM,EDUC,0.0,0.0,0.0,0.0,0.0,1.0
PANM,FSTA,0.0,1.0,0.0,0.0,0.0,0.0
PANM,ISYS,0.0,0.0,1.0,0.0,0.0,0.0
PANM,MDYF,0.0,0.0,0.0,0.0,0.0,1.0
PANM,MEED,2.0,0.0,1.0,2.0,2.0,1.0
PANM,MSAD,0.0,4.0,4.0,1.0,3.0,0.0
PANM,MVEN,2.0,0.0,1.0,2.0,2.0,3.0
PANM,MVSF,0.0,1.0,0.0,1.0,3.0,3.0
PANM,ORDS,3.0,0.0,1.0,3.0,3.0,1.0
PANM,ORED,0.0,0.0,0.0,0.0,0.0,1.0
PANM,PHPH,1.0,2.0,5.0,3.0,2.0,6.0
PANM,PHYS,0.0,0.0,1.0,2.0,1.0,4.0
PANM,QUEN,0.0,0.0,0.0,1.0,2.0,2.0
PANM,SCIF,0.0,1.0,0.0,0.0,0.0,0.0
PANM,SOCS,33.0,23.0,39.0,37.0,43.0,55.0
PANM,SSCM,2.0,1.0,4.0,3.0,6.0,5.0
PANM,VESC,3.0,3.0,3.0,0.0,3.0,4.0
PERS,CHEM,0.0,0.0,0.0,0.0,0.0,1.0
PERS,GELY,0.0,0.0,0.0,0.0,1.0,0.0
PERS,HUMS,2.0,1.0,3.0,7.0,2.0,5.0
PERS,IPSS,0.0,4.0,1.0,0.0,1.0,3.0
PERS,SART,0.0,1.0,3.0,1.0,1.0,1.0
PERS,SOCS,0.0,2.0,1.0,0.0,0.0,1.0
PERS,SSCM,0.0,4.0,1.0,1.0,2.0,4.0
PHPH,BIOC,6.0,8.0,8.0,17.0,14.0,15.0
PHPH,BISC,3.0,2.0,2.0,0.0,5.0,2.0
PHPH,CHEM,1.0,0.0,1.0,2.0,0.0,1.0
PHPH,CHSE,0.0,0.0,0.0,0.0,1.0,0.0
PHPH,DPPP,5.0,2.0,2.0,2.0,0.0,2.0
PHPH,FSTA,0.0,1.0,0.0,0.0,0.0,0.0
PHPH,MATH,0.0,0.0,1.0,0.0,0.0,1.0
PHPH,MDYF,4.0,4.0,3.0,2.0,1.0,2.0
PHPH,MEED,4.0,5.0,3.0,2.0,3.0,2.0
PHPH,MSAD,0.0,0.0,1.0,0.0,1.0,0.0
PHPH,MVEN,0.0,0.0,0.0,3.0,4.0,5.0
PHPH,MVSF,0.0,4.0,4.0,4.0,4.0,2.0
PHPH,ORDS,1.0,1.0,2.0,0.0,0.0,1.0
PHPH,ORED,0.0,0.0,0.0,0.0,0.0,1.0
PHPH,PANM,1.0,2.0,5.0,3.0,2.0,6.0
PHPH,PSYC,0.0,0.0,1.0,0.0,1.0,6.0
PHPH,QUEN,0.0,0.0,0.0,0.0,1.0,0.0
PHPH,SOCS,18.0,16.0,20.0,27.0,35.0,28.0
PHPH,SSCM,3.0,0.0,3.0,2.0,4.0,5.0
PHPH,VESC,0.0,1.0,0.0,1.0,1.0,1.0
PHYS,BIOC,2.0,0.0,1.0,2.0,2.0,1.0
PHYS,BISC,1.0,0.0,2.0,0.0,2.0,1.0
PHYS,BRDC,7.0,6.0,2.0,2.0,1.0,2.0
PHYS,CHEM,9.0,8.0,5.0,11.0,13.0,22.0
PHYS,CRSM,0.0,0.0,0.0,1.0,0.0,0.0
PHYS,DPPP,0.0,4.0,1.0,2.0,2.0,3.0
PHYS,FINC,0.0,0.0,0.0,0.0,1.0,0.0
PHYS,GELY,0.0,1.0,1.0,0.0,4.0,2.0
PHYS,ISYS,1.0,1.0,1.0,0.0,1.0,0.0
PHYS,MATH,0.0,3.0,2.0,4.0,2.0,7.0
PHYS,MEED,0.0,0.0,0.0,1.0,0.0,1.0
PHYS,MVEN,37.0,34.0,23.0,26.0,32.0,22.0
PHYS,MVSF,0.0,0.0,0.0,0.0,1.0,1.0
PHYS,NSQI,1.0,2.0,0.0,0.0,0.0,0.0
PHYS,ORDS,2.0,3.0,0.0,1.0,1.0,2.0
PHYS,PANM,0.0,0.0,1.0,2.0,1.0,4.0
PHYS,QUEN,2.0,5.0,3.0,2.0,1.0,8.0
PHYS,SART,1.0,0.0,0.0,0.0,0.0,0.0
PHYS,SOCS,1.0,0.0,2.0,2.0,1.0,3.0
PHYS,SSCM,0.0,0.0,0.0,1.0,1.0,0.0
PHYS,VICH,0.0,0.0,0.0,0.0,0.0,1.0
PROM,SOCS,0.0,0.0,0.0,0.0,1.0,0.0
PSYC,BISC,0.0,0.0,1.0,2.0,1.0,2.0
PSYC,CHEM,0.0,0.0,1.0,0.0,0.0,0.0
PSYC,DPPP,0.0,0.0,1.0,0.0,0.0,0.0
PSYC,EDUC,0.0,0.0,2.0,1.0,0.0,0.0
PSYC,EFIM,0.0,0.0,0.0,0.0,0.0,1.0
PSYC,INOV,1.0,0.0,0.0,0.0,0.0,0.0
PSYC,MEED,0.0,0.0,0.0,1.0,1.0,0.0
PSYC,MVEN,1.0,0.0,2.0,0.0,0.0,2.0
PSYC,ORDS,5.0,0.0,2.0,1.0,1.0,0.0
PSYC,PHPH,0.0,0.0,1.0,0.0,1.0,6.0
PSYC,QUEN,0.0,0.0,1.0,1.0,2.0,4.0
PSYC,SOCS,3.0,5.0,1.0,9.0,7.0,8.0
PSYC,SSCM,7.0,11.0,9.0,6.0,20.0,26.0
PSYC,VESC,0.0,0.0,0.0,0.0,1.0,0.0
PSYC,VICH,0.0,0.0,2.0,0.0,0.0,0.0
QUEN,BIOC,0.0,0.0,0.0,0.0,1.0,0.0
QUEN,BISC,0.0,0.0,1.0,1.0,1.0,1.0
QUEN,CHEM,1.0,1.0,2.0,5.0,2.0,6.0
QUEN,DPPP,2.0,9.0,3.0,2.0,2.0,3.0
QUEN,EDUC,0.0,0.0,0.0,0.0,0.0,1.0
QUEN,EFIM,0.0,0.0,0.0,0.0,1.0,0.0
QUEN,ENGF,3.0,4.0,2.0,6.0,3.0,7.0
QUEN,FSTA,0.0,0.0,0.0,0.0,1.0,0.0
QUEN,GELY,2.0,3.0,0.0,3.0,1.0,3.0
QUEN,GEOG,0.0,2.0,0.0,4.0,3.0,7.0
QUEN,GSEN,0.0,0.0,3.0,1.0,2.0,5.0
QUEN,HUMS,1.0,0.0,0.0,0.0,0.0,0.0
QUEN,IMAN,0.0,0.0,0.0,0.0,1.0,0.0
QUEN,INOV,0.0,0.0,0.0,0.0,1.0,0.0
QUEN,ISYS,0.0,0.0,0.0,0.0,0.0,1.0
QUEN,ITEL,1.0,0.0,0.0,0.0,0.0,0.0
QUEN,LAWD,1.0,0.0,0.0,0.0,0.0,0.0
QUEN,MATH,1.0,0.0,0.0,0.0,1.0,1.0
QUEN,MDYF,1.0,1.0,0.0,2.0,1.0,0.0
QUEN,MVEN,27.0,23.0,24.0,22.0,29.0,27.0
QUEN,NCCC,8.0,13.0,5.0,8.0,12.0,9.0
QUEN,ORDS,4.0,4.0,0.0,2.0,1.0,1.0
QUEN,PANM,0.0,0.0,0.0,1.0,2.0,2.0
QUEN,PHPH,0.0,0.0,0.0,0.0,1.0,0.0
QUEN,PHYS,2.0,5.0,3.0,2.0,1.0,8.0
QUEN,PSYC,0.0,0.0,1.0,1.0,2.0,4.0
QUEN,READ,1.0,0.0,0.0,0.0,0.0,0.0
QUEN,SART,1.0,0.0,1.0,0.0,0.0,0.0
QUEN,SITG,0.0,0.0,1.0,0.0,0.0,0.0
QUEN,SOCS,1.0,0.0,0.0,2.0,2.0,1.0
QUEN,SSCM,2.0,0.0,0.0,0.0,1.0,0.0
QUEN,VESC,1.0,0.0,0.0,0.0,0.0,1.0
QUEN,VICH,2.0,9.0,3.0,1.0,1.0,1.0
QUEN,WIDE,1.0,0.0,0.0,0.0,0.0,0.0
READ,DPPP,1.0,0.0,0.0,0.0,0.0,0.0
READ,HUMS,1.0,0.0,0.0,0.0,0.0,0.0
READ,ITEL,1.0,0.0,0.0,0.0,0.0,0.0
READ,LAWD,1.0,0.0,0.0,0.0,0.0,0.0
READ,QUEN,1.0,0.0,0.0,0.0,0.0,0.0
READ,SART,1.0,0.0,0.0,0.0,0.0,0.0
READ,VICH,1.0,0.0,0.0,0.0,0.0,0.0
READ,WIDE,1.0,0.0,0.0,0.0,0.0,0.0
RESS,GEOG,0.0,0.0,0.0,0.0,1.0,0.0
RESS,SOCS,0.0,0.0,0.0,0.0,1.0,0.0
SAFE,GEOG,0.0,0.0,0.0,1.0,0.0,0.0
SART,BISC,0.0,0.0,0.0,0.0,2.0,0.0
SART,CHEM,0.0,0.0,0.0,2.0,3.0,2.0
SART,CHSE,1.0,0.0,0.0,0.0,0.0,0.0
SART,DPPP,1.0,0.0,0.0,0.0,0.0,0.0
SART,EFIM,0.0,0.0,1.0,0.0,1.0,0.0
SART,HUMS,2.0,1.0,3.0,4.0,1.0,1.0
SART,IMAN,0.0,0.0,0.0,0.0,1.0,0.0
SART,ISYS,0.0,1.0,0.0,0.0,0.0,0.0
SART,ITEL,1.0,0.0,0.0,0.0,0.0,0.0
SART,LAWD,1.0,0.0,0.0,0.0,0.0,0.0
SART,MATH,0.0,1.0,1.0,2.0,2.0,1.0
SART,MODL,0.0,0.0,1.0,0.0,0.0,0.0
SART,MVEN,2.0,6.0,11.0,6.0,6.0,3.0
SART,OPPO,0.0,0.0,0.0,0.0,1.0,0.0
SART,PERS,0.0,1.0,3.0,1.0,1.0,1.0
SART,PHYS,1.0,0.0,0.0,0.0,0.0,0.0
SART,QUEN,1.0,0.0,1.0,0.0,0.0,0.0
SART,READ,1.0,0.0,0.0,0.0,0.0,0.0
SART,SOCS,0.0,0.0,0.0,1.0,0.0,0.0
SART,SOFM,1.0,0.0,0.0,0.0,0.0,0.0
SART,SSCM,0.0,0.0,1.0,0.0,2.0,1.0
SART,VESC,0.0,0.0,0.0,1.0,0.0,0.0
SART,VICH,1.0,0.0,0.0,0.0,0.0,0.0
SART,WIDE,1.0,0.0,0.0,0.0,0.0,0.0
SCIF,CHEM,0.0,0.0,0.0,2.0,0.0,0.0
SCIF,PANM,0.0,1.0,0.0,0.0,0.0,0.0
SCIF,SOCS,0.0,1.0,0.0,0.0,0.0,0.0
SCIF,SSCM,0.0,1.0,0.0,0.0,0.0,0.0
SITG,ENGF,0.0,0.0,0.0,0.0,2.0,0.0
SITG,FSTA,0.0,0.0,0.0,0.0,2.0,0.0
SITG,MEED,0.0,0.0,1.0,0.0,0.0,0.0
SITG,MSAD,0.0,0.0,0.0,0.0,2.0,0.0
SITG,QUEN,0.0,0.0,1.0,0.0,0.0,0.0
SITG,SSCM,0.0,0.0,1.0,1.0,2.0,0.0
SOCS,ADSI,0.0,0.0,0.0,1.0,0.0,0.0
SOCS,ATHF,0.0,1.0,1.0,4.0,0.0,2.0
SOCS,BIOC,5.0,8.0,12.0,11.0,11.0,10.0
SOCS,BISC,1.0,1.0,1.0,0.0,1.0,1.0
SOCS,BRDC,0.0,0.0,0.0,0.0,0.0,1.0
SOCS,CHEM,2.0,1.0,4.0,3.0,3.0,3.0
SOCS,CHSE,6.0,3.0,1.0,1.0,2.0,1.0
SOCS,DPPP,0.0,1.0,0.0,0.0,1.0,0.0
SOCS,EDUC,0.0,1.0,2.0,1.0,1.0,1.0
SOCS,ENGF,0.0,0.0,1.0,1.0,1.0,0.0
SOCS,FINC,0.0,1.0,0.0,0.0,0.0,0.0
SOCS,FSTA,0.0,1.0,0.0,0.0,0.0,0.0
SOCS,GELY,0.0,0.0,0.0,1.0,0.0,1.0
SOCS,GEOG,0.0,0.0,0.0,0.0,2.0,0.0
SOCS,HUMS,0.0,0.0,0.0,1.0,0.0,0.0
SOCS,IMAN,0.0,0.0,0.0,0.0,1.0,0.0
SOCS,IPSS,0.0,2.0,1.0,0.0,0.0,0.0
SOCS,ISYS,0.0,4.0,2.0,4.0,0.0,0.0
SOCS,LANG,0.0,0.0,0.0,1.0,0.0,0.0
SOCS,LAWD,0.0,0.0,0.0,0.0,1.0,0.0
SOCS,MATH,0.0,0.0,0.0,0.0,0.0,2.0
SOCS,MDYF,1.0,0.0,3.0,1.0,3.0,2.0
SOCS,MEED,8.0,6.0,10.0,11.0,15.0,14.0
SOCS,MSAD,0.0,0.0,1.0,2.0,1.0,0.0
SOCS,MVEN,10.0,7.0,11.0,4.0,6.0,5.0
SOCS,MVSF,1.0,5.0,2.0,4.0,6.0,4.0
SOCS,NCCC,0.0,0.0,0.0,0.0,1.0,1.0
SOCS,ORDS,11.0,9.0,15.0,17.0,17.0,11.0
SOCS,ORED,1.0,0.0,0.0,0.0,0.0,0.0
SOCS,PANM,33.0,23.0,39.0,37.0,43.0,55.0
SOCS,PERS,0.0,2.0,1.0,0.0,0.0,1.0
SOCS,PHPH,18.0,16.0,20.0,27.0,35.0,28.0
SOCS,PHYS,1.0,0.0,2.0,2.0,1.0,3.0
SOCS,PROM,0.0,0.0,0.0,0.0,1.0,0.0
SOCS,PSYC,3.0,5.0,1.0,9.0,7.0,8.0
SOCS,QUEN,1.0,0.0,0.0,2.0,2.0,1.0
SOCS,RESS,0.0,0.0,0.0,0.0,1.0,0.0
SOCS,SART,0.0,0.0,0.0,1.0,0.0,0.0
SOCS,SCIF,0.0,1.0,0.0,0.0,0.0,0.0
SOCS,SOFM,0.0,0.0,0.0,0.0,0.0,1.0
SOCS,SPOL,2.0,3.0,5.0,6.0,4.0,8.0
SOCS,SSCM,48.0,65.0,61.0,77.0,86.0,100.0
SOCS,STHE,0.0,1.0,0.0,1.0,0.0,0.0
SOCS,VESC,1.0,2.0,2.0,3.0,6.0,5.0
SOCS,VICH,0.0,0.0,0.0,0.0,1.0,0.0
SOFM,CHEM,0.0,2.0,0.0,0.0,0.0,0.0
SOFM,SART,1.0,0.0,0.0,0.0,0.0,0.0
SOFM,SOCS,0.0,0.0,0.0,0.0,0.0,1.0
SOFM,SSCM,0.0,0.0,0.0,0.0,0.0,1.0
SPAI,DPPP,0.0,0.0,1.0,0.0,0.0,0.0
SPAI,GEOG,0.0,1.0,2.0,2.0,1.0,1.0
SPAI,HUMS,0.0,0.0,0.0,1.0,2.0,3.0
SPAI,LAWD,15.0,15.0,15.0,11.0,5.0,6.0
SPAI,MATH,0.0,0.0,0.0,0.0,0.0,1.0
SPAI,SPOL,0.0,1.0,0.0,0.0,2.0,0.0
SPAI,SSCM,0.0,0.0,1.0,0.0,2.0,0.0
SPAI,VESC,0.0,0.0,0.0,1.0,0.0,0.0
SPAI,VICH,0.0,0.0,1.0,0.0,0.0,0.0
SPOL,ATHF,1.0,1.0,1.0,0.0,0.0,0.0
SPOL,EDUC,0.0,0.0,1.0,0.0,1.0,0.0
SPOL,EFIM,3.0,2.0,3.0,3.0,1.0,2.0
SPOL,GEOG,1.0,0.0,0.0,1.0,0.0,0.0
SPOL,IPSS,0.0,0.0,0.0,0.0,0.0,5.0
SPOL,LAWD,0.0,1.0,0.0,0.0,1.0,1.0
SPOL,MDYF,0.0,0.0,1.0,3.0,0.0,0.0
SPOL,ORDS,2.0,4.0,2.0,4.0,4.0,1.0
SPOL,SOCS,2.0,3.0,5.0,6.0,4.0,8.0
SPOL,SPAI,0.0,1.0,0.0,0.0,2.0,0.0
SPOL,SSCM,11.0,14.0,17.0,37.0,22.0,27.0
SSCM,ADMO,1.0,0.0,0.0,0.0,0.0,0.0
SSCM,ADSI,0.0,0.0,0.0,0.0,1.0,0.0
SSCM,ATHF,0.0,1.0,6.0,5.0,0.0,3.0
SSCM,BIOC,0.0,0.0,0.0,2.0,1.0,4.0
SSCM,BISC,3.0,2.0,0.0,3.0,1.0,1.0
SSCM,BRDC,0.0,0.0,0.0,0.0,1.0,0.0
SSCM,CABI,0.0,0.0,0.0,0.0,0.0,1.0
SSCM,CARA,0.0,0.0,0.0,0.0,1.0,0.0
SSCM,CHEM,0.0,1.0,1.0,2.0,2.0,3.0
SSCM,CHSE,1.0,1.0,1.0,0.0,2.0,0.0
SSCM,EDUC,2.0,1.0,2.0,1.0,0.0,0.0
SSCM,EFIM,3.0,0.0,2.0,3.0,2.0,11.0
SSCM,ENGF,0.0,0.0,0.0,0.0,3.0,1.0
SSCM,FINC,0.0,1.0,1.0,0.0,0.0,0.0
SSCM,FSTA,0.0,0.0,0.0,1.0,3.0,0.0
SSCM,GELY,0.0,0.0,0.0,0.0,2.0,2.0
SSCM,GEOG,0.0,0.0,0.0,1.0,1.0,1.0
SSCM,IMAN,1.0,0.0,0.0,0.0,0.0,1.0
SSCM,IPSS,0.0,4.0,1.0,0.0,1.0,5.0
SSCM,ISYS,1.0,4.0,2.0,4.0,0.0,0.0
SSCM,LAWD,5.0,6.0,7.0,3.0,3.0,1.0
SSCM,MATH,2.0,1.0,3.0,6.0,5.0,1.0
SSCM,MDYF,6.0,4.0,6.0,7.0,6.0,10.0
SSCM,MEED,4.0,5.0,3.0,4.0,6.0,5.0
SSCM,MODL,0.0,0.0,1.0,0.0,0.0,0.0
SSCM,MSAD,0.0,0.0,0.0,0.0,5.0,3.0
SSCM,MVEN,0.0,0.0,0.0,0.0,0.0,3.0
SSCM,MVSF,0.0,0.0,0.0,1.0,0.0,2.0
SSCM,NCCC,1.0,0.0,0.0,0.0,0.0,2.0
SSCM,ORDS,23.0,15.0,24.0,23.0,21.0,18.0
SSCM,PANM,2.0,1.0,4.0,3.0,6.0,5.0
SSCM,PERS,0.0,4.0,1.0,1.0,2.0,4.0
SSCM,PHPH,3.0,0.0,3.0,2.0,4.0,5.0
SSCM,PHYS,0.0,0.0,0.0,1.0,1.0,0.0
SSCM,PSYC,7.0,11.0,9.0,6.0,20.0,26.0
SSCM,QUEN,2.0,0.0,0.0,0.0,1.0,0.0
SSCM,SART,0.0,0.0,1.0,0.0,2.0,1.0
SSCM,SCIF,0.0,1.0,0.0,0.0,0.0,0.0
SSCM,SITG,0.0,0.0,1.0,1.0,2.0,0.0
SSCM,SOCS,48.0,65.0,61.0,77.0,86.0,100.0
SSCM,SOFM,0.0,0.0,0.0,0.0,0.0,1.0
SSCM,SPAI,0.0,0.0,1.0,0.0,2.0,0.0
SSCM,SPOL,11.0,14.0,17.0,37.0,22.0,27.0
SSCM,STHE,0.0,1.0,0.0,1.0,0.0,0.0
SSCM,UNPA,0.0,0.0,0.0,1.0,0.0,0.0
SSCM,VESC,3.0,4.0,3.0,7.0,7.0,14.0
SSCM,VICH,0.0,0.0,0.0,0.0,1.0,0.0
STHE,SOCS,0.0,1.0,0.0,1.0,0.0,0.0
STHE,SSCM,0.0,1.0,0.0,1.0,0.0,0.0
UNPA,SSCM,0.0,0.0,0.0,1.0,0.0,0.0
VESC,BIOC,0.0,0.0,0.0,0.0,0.0,2.0
VESC,BISC,4.0,7.0,1.0,7.0,7.0,2.0
VESC,CHEM,0.0,1.0,1.0,1.0,0.0,0.0
VESC,CHSE,0.0,0.0,0.0,0.0,1.0,4.0
VESC,DPPP,0.0,0.0,0.0,1.0,0.0,0.0
VESC,EDUC,5.0,8.0,3.0,6.0,5.0,6.0
VESC,ENGF,0.0,0.0,1.0,0.0,0.0,0.0
VESC,FSTA,0.0,1.0,0.0,0.0,0.0,0.0
VESC,GELY,0.0,0.0,0.0,0.0,0.0,1.0
VESC,HUMS,0.0,1.0,0.0,1.0,0.0,0.0
VESC,INTL,0.0,0.0,0.0,1.0,0.0,0.0
VESC,ISYS,0.0,0.0,1.0,0.0,0.0,0.0
VESC,LAWD,0.0,0.0,0.0,0.0,1.0,0.0
VESC,MATH,2.0,0.0,0.0,1.0,1.0,2.0
VESC,MEED,0.0,0.0,0.0,0.0,1.0,0.0
VESC,MVEN,0.0,0.0,0.0,2.0,0.0,2.0
VESC,MVSF,0.0,1.0,1.0,2.0,0.0,0.0
VESC,NCCC,0.0,0.0,0.0,0.0,1.0,0.0
VESC,ORDS,1.0,0.0,0.0,0.0,0.0,0.0
VESC,PANM,3.0,3.0,3.0,0.0,3.0,4.0
VESC,PHPH,0.0,1.0,0.0,1.0,1.0,1.0
VESC,PSYC,0.0,0.0,0.0,0.0,1.0,0.0
VESC,QUEN,1.0,0.0,0.0,0.0,0.0,1.0
VESC,SART,0.0,0.0,0.0,1.0,0.0,0.0
VESC,SOCS,1.0,2.0,2.0,3.0,6.0,5.0
VESC,SPAI,0.0,0.0,0.0,1.0,0.0,0.0
VESC,SSCM,3.0,4.0,3.0,7.0,7.0,14.0
VICH,CHEM,12.0,8.0,11.0,6.0,5.0,3.0
VICH,DPPP,23.0,23.0,21.0,9.0,12.0,4.0
VICH,HUMS,1.0,0.0,0.0,0.0,0.0,0.0
VICH,ITEL,1.0,0.0,0.0,0.0,0.0,0.0
VICH,LAWD,1.0,0.0,0.0,0.0,1.0,0.0
VICH,MVEN,14.0,8.0,11.0,8.0,5.0,1.0
VICH,PHYS,0.0,0.0,0.0,0.0,0.0,1.0
VICH,PSYC,0.0,0.0,2.0,0.0,0.0,0.0
VICH,QUEN,2.0,9.0,3.0,1.0,1.0,1.0
VICH,READ,1.0,0.0,0.0,0.0,0.0,0.0
VICH,SART,1.0,0.0,0.0,0.0,0.0,0.0
VICH,SOCS,0.0,0.0,0.0,0.0,1.0,0.0
VICH,SPAI,0.0,0.0,1.0,0.0,0.0,0.0
VICH,SSCM,0.0,0.0,0.0,0.0,1.0,0.0
VICH,WIDE,1.0,0.0,0.0,0.0,0.0,0.0
WIDE,DPPP,1.0,0.0,0.0,0.0,0.0,0.0
WIDE,GEOG,1.0,1.0,0.0,1.0,0.0,0.0
WIDE,HUMS,1.0,0.0,0.0,0.0,0.0,0.0
WIDE,ITEL,1.0,0.0,0.0,0.0,0.0,0.0
WIDE,LAWD,1.0,0.0,0.0,0.0,0.0,0.0
WIDE,QUEN,1.0,0.0,0.0,0.0,0.0,0.0
WIDE,READ,1.0,0.0,0.0,0.0,0.0,0.0
WIDE,SART,1.0,0.0,0.0,0.0,0.0,0.0
WIDE,VICH,1.0,0.0,0.0,0.0,0.0,0.0
