2008,ADMO,SSCM,1.0
2009,ADMO,SSCM,0.0
2010,ADMO,SSCM,0.0
2011,ADMO,SSCM,0.0
2012,ADMO,SSCM,0.0
2013,ADMO,SSCM,0.0
2008,ADSI,SOCS,0.0
2009,ADSI,SOCS,0.0
2010,ADSI,SOCS,0.0
2011,ADSI,SOCS,1.0
2012,ADSI,SOCS,0.0
2013,ADSI,SOCS,0.0
2008,ADSI,SSCM,0.0
2009,ADSI,SSCM,0.0
2010,ADSI,SSCM,0.0
2011,ADSI,SSCM,0.0
2012,ADSI,SSCM,1.0
2013,ADSI,SSCM,0.0
2008,ATHF,ISYS,0.0
2009,ATHF,ISYS,1.0
2010,ATHF,ISYS,1.0
2011,ATHF,ISYS,3.0
2012,ATHF,ISYS,0.0
2013,ATHF,ISYS,0.0
2008,ATHF,ORDS,1.0
2009,ATHF,ORDS,1.0
2010,ATHF,ORDS,3.0
2011,ATHF,ORDS,0.0
2012,ATHF,ORDS,0.0
2013,ATHF,ORDS,0.0
2008,ATHF,SOCS,0.0
2009,ATHF,SOCS,1.0
2010,ATHF,SOCS,1.0
2011,ATHF,SOCS,4.0
2012,ATHF,SOCS,0.0
2013,ATHF,SOCS,2.0
2008,ATHF,SPOL,1.0
2009,ATHF,SPOL,1.0
2010,ATHF,SPOL,1.0
2011,ATHF,SPOL,0.0
2012,ATHF,SPOL,0.0
2013,ATHF,SPOL,0.0
2008,ATHF,SSCM,0.0
2009,ATHF,SSCM,1.0
2010,ATHF,SSCM,6.0
2011,ATHF,SSCM,5.0
2012,ATHF,SSCM,0.0
2013,ATHF,SSCM,3.0
2008,BCAP,PANM,0.0
2009,BCAP,PANM,0.0
2010,BCAP,PANM,1.0
2011,BCAP,PANM,0.0
2012,BCAP,PANM,0.0
2013,BCAP,PANM,0.0
2008,BIOC,BISC,1.0
2009,BIOC,BISC,0.0
2010,BIOC,BISC,1.0
2011,BIOC,BISC,1.0
2012,BIOC,BISC,2.0
2013,BIOC,BISC,1.0
2008,BIOC,CHEM,4.0
2009,BIOC,CHEM,3.0
2010,BIOC,CHEM,4.0
2011,BIOC,CHEM,6.0
2012,BIOC,CHEM,5.0
2013,BIOC,CHEM,7.0
2008,BIOC,DPPP,0.0
2009,BIOC,DPPP,1.0
2010,BIOC,DPPP,0.0
2011,BIOC,DPPP,0.0
2012,BIOC,DPPP,1.0
2013,BIOC,DPPP,0.0
2008,BIOC,GEOG,2.0
2009,BIOC,GEOG,3.0
2010,BIOC,GEOG,0.0
2011,BIOC,GEOG,0.0
2012,BIOC,GEOG,0.0
2013,BIOC,GEOG,0.0
2008,BIOC,MATH,0.0
2009,BIOC,MATH,0.0
2010,BIOC,MATH,0.0
2011,BIOC,MATH,2.0
2012,BIOC,MATH,1.0
2013,BIOC,MATH,1.0
2008,BIOC,MEED,0.0
2009,BIOC,MEED,0.0
2010,BIOC,MEED,1.0
2011,BIOC,MEED,0.0
2012,BIOC,MEED,1.0
2013,BIOC,MEED,0.0
2008,BIOC,MSAD,0.0
2009,BIOC,MSAD,0.0
2010,BIOC,MSAD,1.0
2011,BIOC,MSAD,2.0
2012,BIOC,MSAD,1.0
2013,BIOC,MSAD,0.0
2008,BIOC,MVEN,1.0
2009,BIOC,MVEN,0.0
2010,BIOC,MVEN,1.0
2011,BIOC,MVEN,1.0
2012,BIOC,MVEN,9.0
2013,BIOC,MVEN,4.0
2008,BIOC,MVSF,3.0
2009,BIOC,MVSF,8.0
2010,BIOC,MVSF,3.0
2011,BIOC,MVSF,7.0
2012,BIOC,MVSF,14.0
2013,BIOC,MVSF,9.0
2008,BIOC,ORDS,1.0
2009,BIOC,ORDS,0.0
2010,BIOC,ORDS,0.0
2011,BIOC,ORDS,3.0
2012,BIOC,ORDS,2.0
2013,BIOC,ORDS,2.0
2008,BIOC,PANM,2.0
2009,BIOC,PANM,1.0
2010,BIOC,PANM,8.0
2011,BIOC,PANM,9.0
2012,BIOC,PANM,2.0
2013,BIOC,PANM,9.0
2008,BIOC,PHPH,6.0
2009,BIOC,PHPH,8.0
2010,BIOC,PHPH,8.0
2011,BIOC,PHPH,17.0
2012,BIOC,PHPH,14.0
2013,BIOC,PHPH,15.0
2008,BIOC,PHYS,2.0
2009,BIOC,PHYS,0.0
2010,BIOC,PHYS,1.0
2011,BIOC,PHYS,2.0
2012,BIOC,PHYS,2.0
2013,BIOC,PHYS,1.0
2008,BIOC,QUEN,0.0
2009,BIOC,QUEN,0.0
2010,BIOC,QUEN,0.0
2011,BIOC,QUEN,0.0
2012,BIOC,QUEN,1.0
2013,BIOC,QUEN,0.0
2008,BIOC,SOCS,5.0
2009,BIOC,SOCS,8.0
2010,BIOC,SOCS,12.0
2011,BIOC,SOCS,11.0
2012,BIOC,SOCS,11.0
2013,BIOC,SOCS,10.0
2008,BIOC,SSCM,0.0
2009,BIOC,SSCM,0.0
2010,BIOC,SSCM,0.0
2011,BIOC,SSCM,2.0
2012,BIOC,SSCM,1.0
2013,BIOC,SSCM,4.0
2008,BIOC,VESC,0.0
2009,BIOC,VESC,0.0
2010,BIOC,VESC,0.0
2011,BIOC,VESC,0.0
2012,BIOC,VESC,0.0
2013,BIOC,VESC,2.0
2008,BISC,BIOC,1.0
2009,BISC,BIOC,0.0
2010,BISC,BIOC,1.0
2011,BISC,BIOC,1.0
2012,BISC,BIOC,2.0
2013,BISC,BIOC,1.0
2008,BISC,CHEM,2.0
2009,BISC,CHEM,0.0
2010,BISC,CHEM,3.0
2011,BISC,CHEM,4.0
2012,BISC,CHEM,2.0
2013,BISC,CHEM,3.0
2008,BISC,DPPP,1.0
2009,BISC,DPPP,1.0
2010,BISC,DPPP,1.0
2011,BISC,DPPP,0.0
2012,BISC,DPPP,0.0
2013,BISC,DPPP,1.0
2008,BISC,EDUC,0.0
2009,BISC,EDUC,0.0
2010,BISC,EDUC,2.0
2011,BISC,EDUC,1.0
2012,BISC,EDUC,2.0
2013,BISC,EDUC,2.0
2008,BISC,GELY,6.0
2009,BISC,GELY,4.0
2010,BISC,GELY,10.0
2011,BISC,GELY,10.0
2012,BISC,GELY,11.0
2013,BISC,GELY,11.0
2008,BISC,GEOG,0.0
2009,BISC,GEOG,1.0
2010,BISC,GEOG,3.0
2011,BISC,GEOG,1.0
2012,BISC,GEOG,8.0
2013,BISC,GEOG,4.0
2008,BISC,ISYS,0.0
2009,BISC,ISYS,0.0
2010,BISC,ISYS,0.0
2011,BISC,ISYS,0.0
2012,BISC,ISYS,0.0
2013,BISC,ISYS,1.0
2008,BISC,MATH,12.0
2009,BISC,MATH,6.0
2010,BISC,MATH,0.0
2011,BISC,MATH,5.0
2012,BISC,MATH,9.0
2013,BISC,MATH,7.0
2008,BISC,MVEN,3.0
2009,BISC,MVEN,5.0
2010,BISC,MVEN,9.0
2011,BISC,MVEN,6.0
2012,BISC,MVEN,8.0
2013,BISC,MVEN,6.0
2008,BISC,MVSF,0.0
2009,BISC,MVSF,0.0
2010,BISC,MVSF,0.0
2011,BISC,MVSF,0.0
2012,BISC,MVSF,1.0
2013,BISC,MVSF,1.0
2008,BISC,ORDS,0.0
2009,BISC,ORDS,0.0
2010,BISC,ORDS,0.0
2011,BISC,ORDS,0.0
2012,BISC,ORDS,1.0
2013,BISC,ORDS,0.0
2008,BISC,PANM,0.0
2009,BISC,PANM,0.0
2010,BISC,PANM,0.0
2011,BISC,PANM,0.0
2012,BISC,PANM,1.0
2013,BISC,PANM,0.0
2008,BISC,PHPH,3.0
2009,BISC,PHPH,2.0
2010,BISC,PHPH,2.0
2011,BISC,PHPH,0.0
2012,BISC,PHPH,5.0
2013,BISC,PHPH,2.0
2008,BISC,PHYS,1.0
2009,BISC,PHYS,0.0
2010,BISC,PHYS,2.0
2011,BISC,PHYS,0.0
2012,BISC,PHYS,2.0
2013,BISC,PHYS,1.0
2008,BISC,PSYC,0.0
2009,BISC,PSYC,0.0
2010,BISC,PSYC,1.0
2011,BISC,PSYC,2.0
2012,BISC,PSYC,1.0
2013,BISC,PSYC,2.0
2008,BISC,QUEN,0.0
2009,BISC,QUEN,0.0
2010,BISC,QUEN,1.0
2011,BISC,QUEN,1.0
2012,BISC,QUEN,1.0
2013,BISC,QUEN,1.0
2008,BISC,SART,0.0
2009,BISC,SART,0.0
2010,BISC,SART,0.0
2011,BISC,SART,0.0
2012,BISC,SART,2.0
2013,BISC,SART,0.0
2008,BISC,SOCS,1.0
2009,BISC,SOCS,1.0
2010,BISC,SOCS,1.0
2011,BISC,SOCS,0.0
2012,BISC,SOCS,1.0
2013,BISC,SOCS,1.0
2008,BISC,SSCM,3.0
2009,BISC,SSCM,2.0
2010,BISC,SSCM,0.0
2011,BISC,SSCM,3.0
2012,BISC,SSCM,1.0
2013,BISC,SSCM,1.0
2008,BISC,VESC,4.0
2009,BISC,VESC,7.0
2010,BISC,VESC,1.0
2011,BISC,VESC,7.0
2012,BISC,VESC,7.0
2013,BISC,VESC,2.0
2008,BRDC,PHYS,7.0
2009,BRDC,PHYS,6.0
2010,BRDC,PHYS,2.0
2011,BRDC,PHYS,2.0
2012,BRDC,PHYS,1.0
2013,BRDC,PHYS,2.0
2008,BRDC,SOCS,0.0
2009,BRDC,SOCS,0.0
2010,BRDC,SOCS,0.0
2011,BRDC,SOCS,0.0
2012,BRDC,SOCS,0.0
2013,BRDC,SOCS,1.0
2008,BRDC,SSCM,0.0
2009,BRDC,SSCM,0.0
2010,BRDC,SSCM,0.0
2011,BRDC,SSCM,0.0
2012,BRDC,SSCM,1.0
2013,BRDC,SSCM,0.0
2008,CABI,SSCM,0.0
2009,CABI,SSCM,0.0
2010,CABI,SSCM,0.0
2011,CABI,SSCM,0.0
2012,CABI,SSCM,0.0
2013,CABI,SSCM,1.0
2008,CARA,CHEM,0.0
2009,CARA,CHEM,0.0
2010,CARA,CHEM,0.0
2011,CARA,CHEM,0.0
2012,CARA,CHEM,1.0
2013,CARA,CHEM,0.0
2008,CARA,SSCM,0.0
2009,CARA,SSCM,0.0
2010,CARA,SSCM,0.0
2011,CARA,SSCM,0.0
2012,CARA,SSCM,1.0
2013,CARA,SSCM,0.0
2008,CHEM,BIOC,4.0
2009,CHEM,BIOC,3.0
2010,CHEM,BIOC,4.0
2011,CHEM,BIOC,6.0
2012,CHEM,BIOC,5.0
2013,CHEM,BIOC,7.0
2008,CHEM,BISC,2.0
2009,CHEM,BISC,0.0
2010,CHEM,BISC,3.0
2011,CHEM,BISC,4.0
2012,CHEM,BISC,2.0
2013,CHEM,BISC,3.0
2008,CHEM,CARA,0.0
2009,CHEM,CARA,0.0
2010,CHEM,CARA,0.0
2011,CHEM,CARA,0.0
2012,CHEM,CARA,1.0
2013,CHEM,CARA,0.0
2008,CHEM,CRSM,0.0
2009,CHEM,CRSM,0.0
2010,CHEM,CRSM,0.0
2011,CHEM,CRSM,1.0
2012,CHEM,CRSM,0.0
2013,CHEM,CRSM,0.0
2008,CHEM,DPPP,16.0
2009,CHEM,DPPP,33.0
2010,CHEM,DPPP,24.0
2011,CHEM,DPPP,23.0
2012,CHEM,DPPP,18.0
2013,CHEM,DPPP,22.0
2008,CHEM,EDUC,0.0
2009,CHEM,EDUC,1.0
2010,CHEM,EDUC,0.0
2011,CHEM,EDUC,0.0
2012,CHEM,EDUC,0.0
2013,CHEM,EDUC,0.0
2008,CHEM,GELY,7.0
2009,CHEM,GELY,7.0
2010,CHEM,GELY,2.0
2011,CHEM,GELY,2.0
2012,CHEM,GELY,8.0
2013,CHEM,GELY,5.0
2008,CHEM,GEOG,1.0
2009,CHEM,GEOG,3.0
2010,CHEM,GEOG,2.0
2011,CHEM,GEOG,3.0
2012,CHEM,GEOG,6.0
2013,CHEM,GEOG,9.0
2008,CHEM,HUMS,0.0
2009,CHEM,HUMS,0.0
2010,CHEM,HUMS,0.0
2011,CHEM,HUMS,1.0
2012,CHEM,HUMS,0.0
2013,CHEM,HUMS,0.0
2008,CHEM,ISYS,0.0
2009,CHEM,ISYS,0.0
2010,CHEM,ISYS,0.0
2011,CHEM,ISYS,0.0
2012,CHEM,ISYS,0.0
2013,CHEM,ISYS,2.0
2008,CHEM,MATH,0.0
2009,CHEM,MATH,1.0
2010,CHEM,MATH,0.0
2011,CHEM,MATH,4.0
2012,CHEM,MATH,1.0
2013,CHEM,MATH,7.0
2008,CHEM,MDYF,0.0
2009,CHEM,MDYF,0.0
2010,CHEM,MDYF,0.0
2011,CHEM,MDYF,0.0
2012,CHEM,MDYF,0.0
2013,CHEM,MDYF,1.0
2008,CHEM,MEED,0.0
2009,CHEM,MEED,0.0
2010,CHEM,MEED,1.0
2011,CHEM,MEED,0.0
2012,CHEM,MEED,0.0
2013,CHEM,MEED,1.0
2008,CHEM,MODL,0.0
2009,CHEM,MODL,2.0
2010,CHEM,MODL,5.0
2011,CHEM,MODL,0.0
2012,CHEM,MODL,0.0
2013,CHEM,MODL,0.0
2008,CHEM,MVEN,1.0
2009,CHEM,MVEN,0.0
2010,CHEM,MVEN,3.0
2011,CHEM,MVEN,1.0
2012,CHEM,MVEN,2.0
2013,CHEM,MVEN,2.0
2008,CHEM,MVSF,1.0
2009,CHEM,MVSF,2.0
2010,CHEM,MVSF,1.0
2011,CHEM,MVSF,1.0
2012,CHEM,MVSF,1.0
2013,CHEM,MVSF,1.0
2008,CHEM,NCCC,0.0
2009,CHEM,NCCC,0.0
2010,CHEM,NCCC,0.0
2011,CHEM,NCCC,1.0
2012,CHEM,NCCC,0.0
2013,CHEM,NCCC,0.0
2008,CHEM,ORDS,0.0
2009,CHEM,ORDS,1.0
2010,CHEM,ORDS,1.0
2011,CHEM,ORDS,1.0
2012,CHEM,ORDS,2.0
2013,CHEM,ORDS,3.0
2008,CHEM,ORED,1.0
2009,CHEM,ORED,1.0
2010,CHEM,ORED,0.0
2011,CHEM,ORED,0.0
2012,CHEM,ORED,0.0
2013,CHEM,ORED,0.0
2008,CHEM,PANM,0.0
2009,CHEM,PANM,3.0
2010,CHEM,PANM,2.0
2011,CHEM,PANM,7.0
2012,CHEM,PANM,9.0
2013,CHEM,PANM,10.0
2008,CHEM,PERS,0.0
2009,CHEM,PERS,0.0
2010,CHEM,PERS,0.0
2011,CHEM,PERS,0.0
2012,CHEM,PERS,0.0
2013,CHEM,PERS,1.0
2008,CHEM,PHPH,1.0
2009,CHEM,PHPH,0.0
2010,CHEM,PHPH,1.0
2011,CHEM,PHPH,2.0
2012,CHEM,PHPH,0.0
2013,CHEM,PHPH,1.0
2008,CHEM,PHYS,9.0
2009,CHEM,PHYS,8.0
2010,CHEM,PHYS,5.0
2011,CHEM,PHYS,11.0
2012,CHEM,PHYS,13.0
2013,CHEM,PHYS,22.0
2008,CHEM,PSYC,0.0
2009,CHEM,PSYC,0.0
2010,CHEM,PSYC,1.0
2011,CHEM,PSYC,0.0
2012,CHEM,PSYC,0.0
2013,CHEM,PSYC,0.0
2008,CHEM,QUEN,1.0
2009,CHEM,QUEN,1.0
2010,CHEM,QUEN,2.0
2011,CHEM,QUEN,5.0
2012,CHEM,QUEN,2.0
2013,CHEM,QUEN,6.0
2008,CHEM,SART,0.0
2009,CHEM,SART,0.0
2010,CHEM,SART,0.0
2011,CHEM,SART,2.0
2012,CHEM,SART,3.0
2013,CHEM,SART,2.0
2008,CHEM,SCIF,0.0
2009,CHEM,SCIF,0.0
2010,CHEM,SCIF,0.0
2011,CHEM,SCIF,2.0
2012,CHEM,SCIF,0.0
2013,CHEM,SCIF,0.0
2008,CHEM,SOCS,2.0
2009,CHEM,SOCS,1.0
2010,CHEM,SOCS,4.0
2011,CHEM,SOCS,3.0
2012,CHEM,SOCS,3.0
2013,CHEM,SOCS,3.0
2008,CHEM,SOFM,0.0
2009,CHEM,SOFM,2.0
2010,CHEM,SOFM,0.0
2011,CHEM,SOFM,0.0
2012,CHEM,SOFM,0.0
2013,CHEM,SOFM,0.0
2008,CHEM,SSCM,0.0
2009,CHEM,SSCM,1.0
2010,CHEM,SSCM,1.0
2011,CHEM,SSCM,2.0
2012,CHEM,SSCM,2.0
2013,CHEM,SSCM,3.0
2008,CHEM,VESC,0.0
2009,CHEM,VESC,1.0
2010,CHEM,VESC,1.0
2011,CHEM,VESC,1.0
2012,CHEM,VESC,0.0
2013,CHEM,VESC,0.0
2008,CHEM,VICH,12.0
2009,CHEM,VICH,8.0
2010,CHEM,VICH,11.0
2011,CHEM,VICH,6.0
2012,CHEM,VICH,5.0
2013,CHEM,VICH,3.0
2008,CHSE,MDYF,0.0
2009,CHSE,MDYF,0.0
2010,CHSE,MDYF,0.0
2011,CHSE,MDYF,1.0
2012,CHSE,MDYF,0.0
2013,CHSE,MDYF,0.0
2008,CHSE,MSAD,0.0
2009,CHSE,MSAD,0.0
2010,CHSE,MSAD,1.0
2011,CHSE,MSAD,1.0
2012,CHSE,MSAD,0.0
2013,CHSE,MSAD,0.0
2008,CHSE,ORDS,0.0
2009,CHSE,ORDS,0.0
2010,CHSE,ORDS,0.0
2011,CHSE,ORDS,1.0
2012,CHSE,ORDS,0.0
2013,CHSE,ORDS,0.0
2008,CHSE,PHPH,0.0
2009,CHSE,PHPH,0.0
2010,CHSE,PHPH,0.0
2011,CHSE,PHPH,0.0
2012,CHSE,PHPH,1.0
2013,CHSE,PHPH,0.0
2008,CHSE,SART,1.0
2009,CHSE,SART,0.0
2010,CHSE,SART,0.0
2011,CHSE,SART,0.0
2012,CHSE,SART,0.0
2013,CHSE,SART,0.0
2008,CHSE,SOCS,6.0
2009,CHSE,SOCS,3.0
2010,CHSE,SOCS,1.0
2011,CHSE,SOCS,1.0
2012,CHSE,SOCS,2.0
2013,CHSE,SOCS,1.0
2008,CHSE,SSCM,1.0
2009,CHSE,SSCM,1.0
2010,CHSE,SSCM,1.0
2011,CHSE,SSCM,0.0
2012,CHSE,SSCM,2.0
2013,CHSE,SSCM,0.0
2008,CHSE,VESC,0.0
2009,CHSE,VESC,0.0
2010,CHSE,VESC,0.0
2011,CHSE,VESC,0.0
2012,CHSE,VESC,1.0
2013,CHSE,VESC,4.0
2008,CRSM,CHEM,0.0
2009,CRSM,CHEM,0.0
2010,CRSM,CHEM,0.0
2011,CRSM,CHEM,1.0
2012,CRSM,CHEM,0.0
2013,CRSM,CHEM,0.0
2008,CRSM,PHYS,0.0
2009,CRSM,PHYS,0.0
2010,CRSM,PHYS,0.0
2011,CRSM,PHYS,1.0
2012,CRSM,PHYS,0.0
2013,CRSM,PHYS,0.0
2008,DPPP,BIOC,0.0
2009,DPPP,BIOC,1.0
2010,DPPP,BIOC,0.0
2011,DPPP,BIOC,0.0
2012,DPPP,BIOC,1.0
2013,DPPP,BIOC,0.0
2008,DPPP,BISC,1.0
2009,DPPP,BISC,1.0
2010,DPPP,BISC,1.0
2011,DPPP,BISC,0.0
2012,DPPP,BISC,0.0
2013,DPPP,BISC,1.0
2008,DPPP,CHEM,16.0
2009,DPPP,CHEM,33.0
2010,DPPP,CHEM,24.0
2011,DPPP,CHEM,23.0
2012,DPPP,CHEM,18.0
2013,DPPP,CHEM,22.0
2008,DPPP,HUMS,1.0
2009,DPPP,HUMS,0.0
2010,DPPP,HUMS,0.0
2011,DPPP,HUMS,0.0
2012,DPPP,HUMS,0.0
2013,DPPP,HUMS,0.0
2008,DPPP,ITEL,1.0
2009,DPPP,ITEL,0.0
2010,DPPP,ITEL,0.0
2011,DPPP,ITEL,0.0
2012,DPPP,ITEL,0.0
2013,DPPP,ITEL,0.0
2008,DPPP,LAWD,1.0
2009,DPPP,LAWD,0.0
2010,DPPP,LAWD,0.0
2011,DPPP,LAWD,0.0
2012,DPPP,LAWD,0.0
2013,DPPP,LAWD,0.0
2008,DPPP,MODL,2.0
2009,DPPP,MODL,1.0
2010,DPPP,MODL,1.0
2011,DPPP,MODL,3.0
2012,DPPP,MODL,0.0
2013,DPPP,MODL,2.0
2008,DPPP,MVEN,0.0
2009,DPPP,MVEN,2.0
2010,DPPP,MVEN,0.0
2011,DPPP,MVEN,0.0
2012,DPPP,MVEN,0.0
2013,DPPP,MVEN,1.0
2008,DPPP,MVSF,1.0
2009,DPPP,MVSF,1.0
2010,DPPP,MVSF,0.0
2011,DPPP,MVSF,0.0
2012,DPPP,MVSF,0.0
2013,DPPP,MVSF,0.0
2008,DPPP,PANM,0.0
2009,DPPP,PANM,3.0
2010,DPPP,PANM,2.0
2011,DPPP,PANM,3.0
2012,DPPP,PANM,6.0
2013,DPPP,PANM,6.0
2008,DPPP,PHPH,5.0
2009,DPPP,PHPH,2.0
2010,DPPP,PHPH,2.0
2011,DPPP,PHPH,2.0
2012,DPPP,PHPH,0.0
2013,DPPP,PHPH,2.0
2008,DPPP,PHYS,0.0
2009,DPPP,PHYS,4.0
2010,DPPP,PHYS,1.0
2011,DPPP,PHYS,2.0
2012,DPPP,PHYS,2.0
2013,DPPP,PHYS,3.0
2008,DPPP,PSYC,0.0
2009,DPPP,PSYC,0.0
2010,DPPP,PSYC,1.0
2011,DPPP,PSYC,0.0
2012,DPPP,PSYC,0.0
2013,DPPP,PSYC,0.0
2008,DPPP,QUEN,2.0
2009,DPPP,QUEN,9.0
2010,DPPP,QUEN,3.0
2011,DPPP,QUEN,2.0
2012,DPPP,QUEN,2.0
2013,DPPP,QUEN,3.0
2008,DPPP,READ,1.0
2009,DPPP,READ,0.0
2010,DPPP,READ,0.0
2011,DPPP,READ,0.0
2012,DPPP,READ,0.0
2013,DPPP,READ,0.0
2008,DPPP,SART,1.0
2009,DPPP,SART,0.0
2010,DPPP,SART,0.0
2011,DPPP,SART,0.0
2012,DPPP,SART,0.0
2013,DPPP,SART,0.0
2008,DPPP,SOCS,0.0
2009,DPPP,SOCS,1.0
2010,DPPP,SOCS,0.0
2011,DPPP,SOCS,0.0
2012,DPPP,SOCS,1.0
2013,DPPP,SOCS,0.0
2008,DPPP,SPAI,0.0
2009,DPPP,SPAI,0.0
2010,DPPP,SPAI,1.0
2011,DPPP,SPAI,0.0
2012,DPPP,SPAI,0.0
2013,DPPP,SPAI,0.0
2008,DPPP,VESC,0.0
2009,DPPP,VESC,0.0
2010,DPPP,VESC,0.0
2011,DPPP,VESC,1.0
2012,DPPP,VESC,0.0
2013,DPPP,VESC,0.0
2008,DPPP,VICH,23.0
2009,DPPP,VICH,23.0
2010,DPPP,VICH,21.0
2011,DPPP,VICH,9.0
2012,DPPP,VICH,12.0
2013,DPPP,VICH,4.0
2008,DPPP,WIDE,1.0
2009,DPPP,WIDE,0.0
2010,DPPP,WIDE,0.0
2011,DPPP,WIDE,0.0
2012,DPPP,WIDE,0.0
2013,DPPP,WIDE,0.0
2008,EDUC,BISC,0.0
2009,EDUC,BISC,0.0
2010,EDUC,BISC,2.0
2011,EDUC,BISC,1.0
2012,EDUC,BISC,2.0
2013,EDUC,BISC,2.0
2008,EDUC,CHEM,0.0
2009,EDUC,CHEM,1.0
2010,EDUC,CHEM,0.0
2011,EDUC,CHEM,0.0
2012,EDUC,CHEM,0.0
2013,EDUC,CHEM,0.0
2008,EDUC,EFIM,1.0
2009,EDUC,EFIM,0.0
2010,EDUC,EFIM,0.0
2011,EDUC,EFIM,0.0
2012,EDUC,EFIM,0.0
2013,EDUC,EFIM,1.0
2008,EDUC,ENGF,3.0
2009,EDUC,ENGF,0.0
2010,EDUC,ENGF,0.0
2011,EDUC,ENGF,0.0
2012,EDUC,ENGF,0.0
2013,EDUC,ENGF,0.0
2008,EDUC,GELY,0.0
2009,EDUC,GELY,0.0
2010,EDUC,GELY,0.0
2011,EDUC,GELY,0.0
2012,EDUC,GELY,0.0
2013,EDUC,GELY,1.0
2008,EDUC,GEOG,0.0
2009,EDUC,GEOG,1.0
2010,EDUC,GEOG,1.0
2011,EDUC,GEOG,1.0
2012,EDUC,GEOG,0.0
2013,EDUC,GEOG,4.0
2008,EDUC,ISYS,0.0
2009,EDUC,ISYS,0.0
2010,EDUC,ISYS,0.0
2011,EDUC,ISYS,0.0
2012,EDUC,ISYS,0.0
2013,EDUC,ISYS,1.0
2008,EDUC,MEED,0.0
2009,EDUC,MEED,1.0
2010,EDUC,MEED,1.0
2011,EDUC,MEED,2.0
2012,EDUC,MEED,0.0
2013,EDUC,MEED,3.0
2008,EDUC,MVEN,0.0
2009,EDUC,MVEN,0.0
2010,EDUC,MVEN,0.0
2011,EDUC,MVEN,1.0
2012,EDUC,MVEN,0.0
2013,EDUC,MVEN,3.0
2008,EDUC,MVSF,0.0
2009,EDUC,MVSF,0.0
2010,EDUC,MVSF,0.0
2011,EDUC,MVSF,0.0
2012,EDUC,MVSF,0.0
2013,EDUC,MVSF,1.0
2008,EDUC,OPPO,2.0
2009,EDUC,OPPO,0.0
2010,EDUC,OPPO,0.0
2011,EDUC,OPPO,1.0
2012,EDUC,OPPO,0.0
2013,EDUC,OPPO,0.0
2008,EDUC,PANM,0.0
2009,EDUC,PANM,0.0
2010,EDUC,PANM,0.0
2011,EDUC,PANM,0.0
2012,EDUC,PANM,0.0
2013,EDUC,PANM,1.0
2008,EDUC,PSYC,0.0
2009,EDUC,PSYC,0.0
2010,EDUC,PSYC,2.0
2011,EDUC,PSYC,1.0
2012,EDUC,PSYC,0.0
2013,EDUC,PSYC,0.0
2008,EDUC,QUEN,0.0
2009,EDUC,QUEN,0.0
2010,EDUC,QUEN,0.0
2011,EDUC,QUEN,0.0
2012,EDUC,QUEN,0.0
2013,EDUC,QUEN,1.0
2008,EDUC,SOCS,0.0
2009,EDUC,SOCS,1.0
2010,EDUC,SOCS,2.0
2011,EDUC,SOCS,1.0
2012,EDUC,SOCS,1.0
2013,EDUC,SOCS,1.0
2008,EDUC,SPOL,0.0
2009,EDUC,SPOL,0.0
2010,EDUC,SPOL,1.0
2011,EDUC,SPOL,0.0
2012,EDUC,SPOL,1.0
2013,EDUC,SPOL,0.0
2008,EDUC,SSCM,2.0
2009,EDUC,SSCM,1.0
2010,EDUC,SSCM,2.0
2011,EDUC,SSCM,1.0
2012,EDUC,SSCM,0.0
2013,EDUC,SSCM,0.0
2008,EDUC,VESC,5.0
2009,EDUC,VESC,8.0
2010,EDUC,VESC,3.0
2011,EDUC,VESC,6.0
2012,EDUC,VESC,5.0
2013,EDUC,VESC,6.0
2008,EFIM,EDUC,1.0
2009,EFIM,EDUC,0.0
2010,EFIM,EDUC,0.0
2011,EFIM,EDUC,0.0
2012,EFIM,EDUC,0.0
2013,EFIM,EDUC,1.0
2008,EFIM,GEOG,1.0
2009,EFIM,GEOG,0.0
2010,EFIM,GEOG,0.0
2011,EFIM,GEOG,0.0
2012,EFIM,GEOG,0.0
2013,EFIM,GEOG,0.0
2008,EFIM,LAWD,0.0
2009,EFIM,LAWD,0.0
2010,EFIM,LAWD,0.0
2011,EFIM,LAWD,0.0
2012,EFIM,LAWD,0.0
2013,EFIM,LAWD,1.0
2008,EFIM,MDYF,0.0
2009,EFIM,MDYF,0.0
2010,EFIM,MDYF,0.0
2011,EFIM,MDYF,0.0
2012,EFIM,MDYF,0.0
2013,EFIM,MDYF,1.0
2008,EFIM,MEED,2.0
2009,EFIM,MEED,0.0
2010,EFIM,MEED,0.0
2011,EFIM,MEED,0.0
2012,EFIM,MEED,0.0
2013,EFIM,MEED,0.0
2008,EFIM,MODL,0.0
2009,EFIM,MODL,0.0
2010,EFIM,MODL,1.0
2011,EFIM,MODL,0.0
2012,EFIM,MODL,0.0
2013,EFIM,MODL,0.0
2008,EFIM,MVEN,0.0
2009,EFIM,MVEN,0.0
2010,EFIM,MVEN,1.0
2011,EFIM,MVEN,0.0
2012,EFIM,MVEN,0.0
2013,EFIM,MVEN,0.0
2008,EFIM,PSYC,0.0
2009,EFIM,PSYC,0.0
2010,EFIM,PSYC,0.0
2011,EFIM,PSYC,0.0
2012,EFIM,PSYC,0.0
2013,EFIM,PSYC,1.0
2008,EFIM,QUEN,0.0
2009,EFIM,QUEN,0.0
2010,EFIM,QUEN,0.0
2011,EFIM,QUEN,0.0
2012,EFIM,QUEN,1.0
2013,EFIM,QUEN,0.0
2008,EFIM,SART,0.0
2009,EFIM,SART,0.0
2010,EFIM,SART,1.0
2011,EFIM,SART,0.0
2012,EFIM,SART,1.0
2013,EFIM,SART,0.0
2008,EFIM,SPOL,3.0
2009,EFIM,SPOL,2.0
2010,EFIM,SPOL,3.0
2011,EFIM,SPOL,3.0
2012,EFIM,SPOL,1.0
2013,EFIM,SPOL,2.0
2008,EFIM,SSCM,3.0
2009,EFIM,SSCM,0.0
2010,EFIM,SSCM,2.0
2011,EFIM,SSCM,3.0
2012,EFIM,SSCM,2.0
2013,EFIM,SSCM,11.0
2008,ENGF,EDUC,3.0
2009,ENGF,EDUC,0.0
2010,ENGF,EDUC,0.0
2011,ENGF,EDUC,0.0
2012,ENGF,EDUC,0.0
2013,ENGF,EDUC,0.0
2008,ENGF,FSTA,0.0
2009,ENGF,FSTA,0.0
2010,ENGF,FSTA,0.0
2011,ENGF,FSTA,0.0
2012,ENGF,FSTA,2.0
2013,ENGF,FSTA,0.0
2008,ENGF,GEOG,0.0
2009,ENGF,GEOG,0.0
2010,ENGF,GEOG,0.0
2011,ENGF,GEOG,0.0
2012,ENGF,GEOG,1.0
2013,ENGF,GEOG,0.0
2008,ENGF,MSAD,0.0
2009,ENGF,MSAD,0.0
2010,ENGF,MSAD,0.0
2011,ENGF,MSAD,0.0
2012,ENGF,MSAD,3.0
2013,ENGF,MSAD,0.0
2008,ENGF,MVEN,10.0
2009,ENGF,MVEN,12.0
2010,ENGF,MVEN,4.0
2011,ENGF,MVEN,11.0
2012,ENGF,MVEN,6.0
2013,ENGF,MVEN,10.0
2008,ENGF,NCCC,0.0
2009,ENGF,NCCC,1.0
2010,ENGF,NCCC,0.0
2011,ENGF,NCCC,1.0
2012,ENGF,NCCC,1.0
2013,ENGF,NCCC,1.0
2008,ENGF,QUEN,3.0
2009,ENGF,QUEN,4.0
2010,ENGF,QUEN,2.0
2011,ENGF,QUEN,6.0
2012,ENGF,QUEN,3.0
2013,ENGF,QUEN,7.0
2008,ENGF,SITG,0.0
2009,ENGF,SITG,0.0
2010,ENGF,SITG,0.0
2011,ENGF,SITG,0.0
2012,ENGF,SITG,2.0
2013,ENGF,SITG,0.0
2008,ENGF,SOCS,0.0
2009,ENGF,SOCS,0.0
2010,ENGF,SOCS,1.0
2011,ENGF,SOCS,1.0
2012,ENGF,SOCS,1.0
2013,ENGF,SOCS,0.0
2008,ENGF,SSCM,0.0
2009,ENGF,SSCM,0.0
2010,ENGF,SSCM,0.0
2011,ENGF,SSCM,0.0
2012,ENGF,SSCM,3.0
2013,ENGF,SSCM,1.0
2008,ENGF,VESC,0.0
2009,ENGF,VESC,0.0
2010,ENGF,VESC,1.0
2011,ENGF,VESC,0.0
2012,ENGF,VESC,0.0
2013,ENGF,VESC,0.0
2008,FINC,GEOG,0.0
2009,FINC,GEOG,0.0
2010,FINC,GEOG,0.0
2011,FINC,GEOG,0.0
2012,FINC,GEOG,0.0
2013,FINC,GEOG,1.0
2008,FINC,PHYS,0.0
2009,FINC,PHYS,0.0
2010,FINC,PHYS,0.0
2011,FINC,PHYS,0.0
2012,FINC,PHYS,1.0
2013,FINC,PHYS,0.0
2008,FINC,SOCS,0.0
2009,FINC,SOCS,1.0
2010,FINC,SOCS,0.0
2011,FINC,SOCS,0.0
2012,FINC,SOCS,0.0
2013,FINC,SOCS,0.0
2008,FINC,SSCM,0.0
2009,FINC,SSCM,1.0
2010,FINC,SSCM,1.0
2011,FINC,SSCM,0.0
2012,FINC,SSCM,0.0
2013,FINC,SSCM,0.0
2008,FSTA,ENGF,0.0
2009,FSTA,ENGF,0.0
2010,FSTA,ENGF,0.0
2011,FSTA,ENGF,0.0
2012,FSTA,ENGF,2.0
2013,FSTA,ENGF,0.0
2008,FSTA,MSAD,0.0
2009,FSTA,MSAD,0.0
2010,FSTA,MSAD,0.0
2011,FSTA,MSAD,0.0
2012,FSTA,MSAD,2.0
2013,FSTA,MSAD,0.0
2008,FSTA,PANM,0.0
2009,FSTA,PANM,1.0
2010,FSTA,PANM,0.0
2011,FSTA,PANM,0.0
2012,FSTA,PANM,0.0
2013,FSTA,PANM,0.0
2008,FSTA,PHPH,0.0
2009,FSTA,PHPH,1.0
2010,FSTA,PHPH,0.0
2011,FSTA,PHPH,0.0
2012,FSTA,PHPH,0.0
2013,FSTA,PHPH,0.0
2008,FSTA,QUEN,0.0
2009,FSTA,QUEN,0.0
2010,FSTA,QUEN,0.0
2011,FSTA,QUEN,0.0
2012,FSTA,QUEN,1.0
2013,FSTA,QUEN,0.0
2008,FSTA,SITG,0.0
2009,FSTA,SITG,0.0
2010,FSTA,SITG,0.0
2011,FSTA,SITG,0.0
2012,FSTA,SITG,2.0
2013,FSTA,SITG,0.0
2008,FSTA,SOCS,0.0
2009,FSTA,SOCS,1.0
2010,FSTA,SOCS,0.0
2011,FSTA,SOCS,0.0
2012,FSTA,SOCS,0.0
2013,FSTA,SOCS,0.0
2008,FSTA,SSCM,0.0
2009,FSTA,SSCM,0.0
2010,FSTA,SSCM,0.0
2011,FSTA,SSCM,1.0
2012,FSTA,SSCM,3.0
2013,FSTA,SSCM,0.0
2008,FSTA,VESC,0.0
2009,FSTA,VESC,1.0
2010,FSTA,VESC,0.0
2011,FSTA,VESC,0.0
2012,FSTA,VESC,0.0
2013,FSTA,VESC,0.0
2008,GELY,BISC,6.0
2009,GELY,BISC,4.0
2010,GELY,BISC,10.0
2011,GELY,BISC,10.0
2012,GELY,BISC,11.0
2013,GELY,BISC,11.0
2008,GELY,CHEM,7.0
2009,GELY,CHEM,7.0
2010,GELY,CHEM,2.0
2011,GELY,CHEM,2.0
2012,GELY,CHEM,8.0
2013,GELY,CHEM,5.0
2008,GELY,EDUC,0.0
2009,GELY,EDUC,0.0
2010,GELY,EDUC,0.0
2011,GELY,EDUC,0.0
2012,GELY,EDUC,0.0
2013,GELY,EDUC,1.0
2008,GELY,GEOG,2.0
2009,GELY,GEOG,3.0
2010,GELY,GEOG,9.0
2011,GELY,GEOG,6.0
2012,GELY,GEOG,7.0
2013,GELY,GEOG,15.0
2008,GELY,ISYS,0.0
2009,GELY,ISYS,0.0
2010,GELY,ISYS,0.0
2011,GELY,ISYS,0.0
2012,GELY,ISYS,0.0
2013,GELY,ISYS,1.0
2008,GELY,MATH,1.0
2009,GELY,MATH,0.0
2010,GELY,MATH,3.0
2011,GELY,MATH,0.0
2012,GELY,MATH,1.0
2013,GELY,MATH,3.0
2008,GELY,MEED,0.0
2009,GELY,MEED,0.0
2010,GELY,MEED,0.0
2011,GELY,MEED,0.0
2012,GELY,MEED,1.0
2013,GELY,MEED,1.0
2008,GELY,MVEN,0.0
2009,GELY,MVEN,0.0
2010,GELY,MVEN,0.0
2011,GELY,MVEN,0.0
2012,GELY,MVEN,0.0
2013,GELY,MVEN,2.0
2008,GELY,PERS,0.0
2009,GELY,PERS,0.0
2010,GELY,PERS,0.0
2011,GELY,PERS,0.0
2012,GELY,PERS,1.0
2013,GELY,PERS,0.0
2008,GELY,PHYS,0.0
2009,GELY,PHYS,1.0
2010,GELY,PHYS,1.0
2011,GELY,PHYS,0.0
2012,GELY,PHYS,4.0
2013,GELY,PHYS,2.0
2008,GELY,QUEN,2.0
2009,GELY,QUEN,3.0
2010,GELY,QUEN,0.0
2011,GELY,QUEN,3.0
2012,GELY,QUEN,1.0
2013,GELY,QUEN,3.0
2008,GELY,SOCS,0.0
2009,GELY,SOCS,0.0
2010,GELY,SOCS,0.0
2011,GELY,SOCS,1.0
2012,GELY,SOCS,0.0
2013,GELY,SOCS,1.0
2008,GELY,SSCM,0.0
2009,GELY,SSCM,0.0
2010,GELY,SSCM,0.0
2011,GELY,SSCM,0.0
2012,GELY,SSCM,2.0
2013,GELY,SSCM,2.0
2008,GELY,VESC,0.0
2009,GELY,VESC,0.0
2010,GELY,VESC,0.0
2011,GELY,VESC,0.0
2012,GELY,VESC,0.0
2013,GELY,VESC,1.0
2008,GEOG,BIOC,2.0
2009,GEOG,BIOC,3.0
2010,GEOG,BIOC,0.0
2011,GEOG,BIOC,0.0
2012,GEOG,BIOC,0.0
2013,GEOG,BIOC,0.0
2008,GEOG,BISC,0.0
2009,GEOG,BISC,1.0
2010,GEOG,BISC,3.0
2011,GEOG,BISC,1.0
2012,GEOG,BISC,8.0
2013,GEOG,BISC,4.0
2008,GEOG,CHEM,1.0
2009,GEOG,CHEM,3.0
2010,GEOG,CHEM,2.0
2011,GEOG,CHEM,3.0
2012,GEOG,CHEM,6.0
2013,GEOG,CHEM,9.0
2008,GEOG,EDUC,0.0
2009,GEOG,EDUC,1.0
2010,GEOG,EDUC,1.0
2011,GEOG,EDUC,1.0
2012,GEOG,EDUC,0.0
2013,GEOG,EDUC,4.0
2008,GEOG,EFIM,1.0
2009,GEOG,EFIM,0.0
2010,GEOG,EFIM,0.0
2011,GEOG,EFIM,0.0
2012,GEOG,EFIM,0.0
2013,GEOG,EFIM,0.0
2008,GEOG,ENGF,0.0
2009,GEOG,ENGF,0.0
2010,GEOG,ENGF,0.0
2011,GEOG,ENGF,0.0
2012,GEOG,ENGF,1.0
2013,GEOG,ENGF,0.0
2008,GEOG,FINC,0.0
2009,GEOG,FINC,0.0
2010,GEOG,FINC,0.0
2011,GEOG,FINC,0.0
2012,GEOG,FINC,0.0
2013,GEOG,FINC,1.0
2008,GEOG,GELY,2.0
2009,GEOG,GELY,3.0
2010,GEOG,GELY,9.0
2011,GEOG,GELY,6.0
2012,GEOG,GELY,7.0
2013,GEOG,GELY,15.0
2008,GEOG,HUMS,0.0
2009,GEOG,HUMS,0.0
2010,GEOG,HUMS,0.0
2011,GEOG,HUMS,0.0
2012,GEOG,HUMS,2.0
2013,GEOG,HUMS,0.0
2008,GEOG,ISYS,1.0
2009,GEOG,ISYS,0.0
2010,GEOG,ISYS,0.0
2011,GEOG,ISYS,0.0
2012,GEOG,ISYS,0.0
2013,GEOG,ISYS,0.0
2008,GEOG,MATH,0.0
2009,GEOG,MATH,0.0
2010,GEOG,MATH,0.0
2011,GEOG,MATH,1.0
2012,GEOG,MATH,2.0
2013,GEOG,MATH,1.0
2008,GEOG,MEED,0.0
2009,GEOG,MEED,0.0
2010,GEOG,MEED,0.0
2011,GEOG,MEED,1.0
2012,GEOG,MEED,2.0
2013,GEOG,MEED,2.0
2008,GEOG,MODL,0.0
2009,GEOG,MODL,0.0
2010,GEOG,MODL,1.0
2011,GEOG,MODL,0.0
2012,GEOG,MODL,0.0
2013,GEOG,MODL,0.0
2008,GEOG,MVEN,2.0
2009,GEOG,MVEN,0.0
2010,GEOG,MVEN,4.0
2011,GEOG,MVEN,0.0
2012,GEOG,MVEN,1.0
2013,GEOG,MVEN,6.0
2008,GEOG,NCCC,0.0
2009,GEOG,NCCC,0.0
2010,GEOG,NCCC,0.0
2011,GEOG,NCCC,0.0
2012,GEOG,NCCC,1.0
2013,GEOG,NCCC,0.0
2008,GEOG,QUEN,0.0
2009,GEOG,QUEN,2.0
2010,GEOG,QUEN,0.0
2011,GEOG,QUEN,4.0
2012,GEOG,QUEN,3.0
2013,GEOG,QUEN,7.0
2008,GEOG,RESS,0.0
2009,GEOG,RESS,0.0
2010,GEOG,RESS,0.0
2011,GEOG,RESS,0.0
2012,GEOG,RESS,1.0
2013,GEOG,RESS,0.0
2008,GEOG,SAFE,0.0
2009,GEOG,SAFE,0.0
2010,GEOG,SAFE,0.0
2011,GEOG,SAFE,1.0
2012,GEOG,SAFE,0.0
2013,GEOG,SAFE,0.0
2008,GEOG,SOCS,0.0
2009,GEOG,SOCS,0.0
2010,GEOG,SOCS,0.0
2011,GEOG,SOCS,0.0
2012,GEOG,SOCS,2.0
2013,GEOG,SOCS,0.0
2008,GEOG,SPAI,0.0
2009,GEOG,SPAI,1.0
2010,GEOG,SPAI,2.0
2011,GEOG,SPAI,2.0
2012,GEOG,SPAI,1.0
2013,GEOG,SPAI,1.0
2008,GEOG,SPOL,1.0
2009,GEOG,SPOL,0.0
2010,GEOG,SPOL,0.0
2011,GEOG,SPOL,1.0
2012,GEOG,SPOL,0.0
2013,GEOG,SPOL,0.0
2008,GEOG,SSCM,0.0
2009,GEOG,SSCM,0.0
2010,GEOG,SSCM,0.0
2011,GEOG,SSCM,1.0
2012,GEOG,SSCM,1.0
2013,GEOG,SSCM,1.0
2008,GEOG,WIDE,1.0
2009,GEOG,WIDE,1.0
2010,GEOG,WIDE,0.0
2011,GEOG,WIDE,1.0
2012,GEOG,WIDE,0.0
2013,GEOG,WIDE,0.0
2008,GSEN,QUEN,0.0
2009,GSEN,QUEN,0.0
2010,GSEN,QUEN,3.0
2011,GSEN,QUEN,1.0
2012,GSEN,QUEN,2.0
2013,GSEN,QUEN,5.0
2008,HUMS,CHEM,0.0
2009,HUMS,CHEM,0.0
2010,HUMS,CHEM,0.0
2011,HUMS,CHEM,1.0
2012,HUMS,CHEM,0.0
2013,HUMS,CHEM,0.0
2008,HUMS,DPPP,1.0
2009,HUMS,DPPP,0.0
2010,HUMS,DPPP,0.0
2011,HUMS,DPPP,0.0
2012,HUMS,DPPP,0.0
2013,HUMS,DPPP,0.0
2008,HUMS,GEOG,0.0
2009,HUMS,GEOG,0.0
2010,HUMS,GEOG,0.0
2011,HUMS,GEOG,0.0
2012,HUMS,GEOG,2.0
2013,HUMS,GEOG,0.0
2008,HUMS,IMAN,0.0
2009,HUMS,IMAN,0.0
2010,HUMS,IMAN,1.0
2011,HUMS,IMAN,1.0
2012,HUMS,IMAN,1.0
2013,HUMS,IMAN,1.0
2008,HUMS,ISYS,0.0
2009,HUMS,ISYS,0.0
2010,HUMS,ISYS,1.0
2011,HUMS,ISYS,1.0
2012,HUMS,ISYS,0.0
2013,HUMS,ISYS,0.0
2008,HUMS,ITEL,1.0
2009,HUMS,ITEL,0.0
2010,HUMS,ITEL,0.0
2011,HUMS,ITEL,0.0
2012,HUMS,ITEL,0.0
2013,HUMS,ITEL,0.0
2008,HUMS,LAWD,1.0
2009,HUMS,LAWD,0.0
2010,HUMS,LAWD,0.0
2011,HUMS,LAWD,0.0
2012,HUMS,LAWD,0.0
2013,HUMS,LAWD,1.0
2008,HUMS,MEED,0.0
2009,HUMS,MEED,0.0
2010,HUMS,MEED,0.0
2011,HUMS,MEED,0.0
2012,HUMS,MEED,2.0
2013,HUMS,MEED,0.0
2008,HUMS,OPPO,0.0
2009,HUMS,OPPO,0.0
2010,HUMS,OPPO,0.0
2011,HUMS,OPPO,0.0
2012,HUMS,OPPO,1.0
2013,HUMS,OPPO,0.0
2008,HUMS,ORED,0.0
2009,HUMS,ORED,0.0
2010,HUMS,ORED,0.0
2011,HUMS,ORED,0.0
2012,HUMS,ORED,1.0
2013,HUMS,ORED,1.0
2008,HUMS,PERS,2.0
2009,HUMS,PERS,1.0
2010,HUMS,PERS,3.0
2011,HUMS,PERS,7.0
2012,HUMS,PERS,2.0
2013,HUMS,PERS,5.0
2008,HUMS,QUEN,1.0
2009,HUMS,QUEN,0.0
2010,HUMS,QUEN,0.0
2011,HUMS,QUEN,0.0
2012,HUMS,QUEN,0.0
2013,HUMS,QUEN,0.0
2008,HUMS,READ,1.0
2009,HUMS,READ,0.0
2010,HUMS,READ,0.0
2011,HUMS,READ,0.0
2012,HUMS,READ,0.0
2013,HUMS,READ,0.0
2008,HUMS,SART,2.0
2009,HUMS,SART,1.0
2010,HUMS,SART,3.0
2011,HUMS,SART,4.0
2012,HUMS,SART,1.0
2013,HUMS,SART,1.0
2008,HUMS,SOCS,0.0
2009,HUMS,SOCS,0.0
2010,HUMS,SOCS,0.0
2011,HUMS,SOCS,1.0
2012,HUMS,SOCS,0.0
2013,HUMS,SOCS,0.0
2008,HUMS,SPAI,0.0
2009,HUMS,SPAI,0.0
2010,HUMS,SPAI,0.0
2011,HUMS,SPAI,1.0
2012,HUMS,SPAI,2.0
2013,HUMS,SPAI,3.0
2008,HUMS,VESC,0.0
2009,HUMS,VESC,1.0
2010,HUMS,VESC,0.0
2011,HUMS,VESC,1.0
2012,HUMS,VESC,0.0
2013,HUMS,VESC,0.0
2008,HUMS,VICH,1.0
2009,HUMS,VICH,0.0
2010,HUMS,VICH,0.0
2011,HUMS,VICH,0.0
2012,HUMS,VICH,0.0
2013,HUMS,VICH,0.0
2008,HUMS,WIDE,1.0
2009,HUMS,WIDE,0.0
2010,HUMS,WIDE,0.0
2011,HUMS,WIDE,0.0
2012,HUMS,WIDE,0.0
2013,HUMS,WIDE,0.0
2008,IMAN,HUMS,0.0
2009,IMAN,HUMS,0.0
2010,IMAN,HUMS,1.0
2011,IMAN,HUMS,1.0
2012,IMAN,HUMS,1.0
2013,IMAN,HUMS,1.0
2008,IMAN,INFO,1.0
2009,IMAN,INFO,0.0
2010,IMAN,INFO,0.0
2011,IMAN,INFO,0.0
2012,IMAN,INFO,0.0
2013,IMAN,INFO,0.0
2008,IMAN,ISYS,0.0
2009,IMAN,ISYS,0.0
2010,IMAN,ISYS,1.0
2011,IMAN,ISYS,1.0
2012,IMAN,ISYS,2.0
2013,IMAN,ISYS,0.0
2008,IMAN,MEED,1.0
2009,IMAN,MEED,0.0
2010,IMAN,MEED,0.0
2011,IMAN,MEED,0.0
2012,IMAN,MEED,0.0
2013,IMAN,MEED,0.0
2008,IMAN,MVEN,0.0
2009,IMAN,MVEN,0.0
2010,IMAN,MVEN,0.0
2011,IMAN,MVEN,1.0
2012,IMAN,MVEN,1.0
2013,IMAN,MVEN,0.0
2008,IMAN,NCCC,1.0
2009,IMAN,NCCC,0.0
2010,IMAN,NCCC,0.0
2011,IMAN,NCCC,0.0
2012,IMAN,NCCC,0.0
2013,IMAN,NCCC,0.0
2008,IMAN,OPPO,0.0
2009,IMAN,OPPO,0.0
2010,IMAN,OPPO,0.0
2011,IMAN,OPPO,0.0
2012,IMAN,OPPO,1.0
2013,IMAN,OPPO,0.0
2008,IMAN,QUEN,0.0
2009,IMAN,QUEN,0.0
2010,IMAN,QUEN,0.0
2011,IMAN,QUEN,0.0
2012,IMAN,QUEN,1.0
2013,IMAN,QUEN,0.0
2008,IMAN,SART,0.0
2009,IMAN,SART,0.0
2010,IMAN,SART,0.0
2011,IMAN,SART,0.0
2012,IMAN,SART,1.0
2013,IMAN,SART,0.0
2008,IMAN,SOCS,0.0
2009,IMAN,SOCS,0.0
2010,IMAN,SOCS,0.0
2011,IMAN,SOCS,0.0
2012,IMAN,SOCS,1.0
2013,IMAN,SOCS,0.0
2008,IMAN,SSCM,1.0
2009,IMAN,SSCM,0.0
2010,IMAN,SSCM,0.0
2011,IMAN,SSCM,0.0
2012,IMAN,SSCM,0.0
2013,IMAN,SSCM,1.0
2008,INFO,IMAN,1.0
2009,INFO,IMAN,0.0
2010,INFO,IMAN,0.0
2011,INFO,IMAN,0.0
2012,INFO,IMAN,0.0
2013,INFO,IMAN,0.0
2008,INOV,MVEN,2.0
2009,INOV,MVEN,1.0
2010,INOV,MVEN,1.0
2011,INOV,MVEN,0.0
2012,INOV,MVEN,2.0
2013,INOV,MVEN,2.0
2008,INOV,PSYC,1.0
2009,INOV,PSYC,0.0
2010,INOV,PSYC,0.0
2011,INOV,PSYC,0.0
2012,INOV,PSYC,0.0
2013,INOV,PSYC,0.0
2008,INOV,QUEN,0.0
2009,INOV,QUEN,0.0
2010,INOV,QUEN,0.0
2011,INOV,QUEN,0.0
2012,INOV,QUEN,1.0
2013,INOV,QUEN,0.0
2008,INTL,VESC,0.0
2009,INTL,VESC,0.0
2010,INTL,VESC,0.0
2011,INTL,VESC,1.0
2012,INTL,VESC,0.0
2013,INTL,VESC,0.0
2008,IPSS,MATH,0.0
2009,IPSS,MATH,0.0
2010,IPSS,MATH,1.0
2011,IPSS,MATH,0.0
2012,IPSS,MATH,0.0
2013,IPSS,MATH,0.0
2008,IPSS,PERS,0.0
2009,IPSS,PERS,4.0
2010,IPSS,PERS,1.0
2011,IPSS,PERS,0.0
2012,IPSS,PERS,1.0
2013,IPSS,PERS,3.0
2008,IPSS,SOCS,0.0
2009,IPSS,SOCS,2.0
2010,IPSS,SOCS,1.0
2011,IPSS,SOCS,0.0
2012,IPSS,SOCS,0.0
2013,IPSS,SOCS,0.0
2008,IPSS,SPOL,0.0
2009,IPSS,SPOL,0.0
2010,IPSS,SPOL,0.0
2011,IPSS,SPOL,0.0
2012,IPSS,SPOL,0.0
2013,IPSS,SPOL,5.0
2008,IPSS,SSCM,0.0
2009,IPSS,SSCM,4.0
2010,IPSS,SSCM,1.0
2011,IPSS,SSCM,0.0
2012,IPSS,SSCM,1.0
2013,IPSS,SSCM,5.0
2008,ISYS,ATHF,0.0
2009,ISYS,ATHF,1.0
2010,ISYS,ATHF,1.0
2011,ISYS,ATHF,3.0
2012,ISYS,ATHF,0.0
2013,ISYS,ATHF,0.0
2008,ISYS,BISC,0.0
2009,ISYS,BISC,0.0
2010,ISYS,BISC,0.0
2011,ISYS,BISC,0.0
2012,ISYS,BISC,0.0
2013,ISYS,BISC,1.0
2008,ISYS,CHEM,0.0
2009,ISYS,CHEM,0.0
2010,ISYS,CHEM,0.0
2011,ISYS,CHEM,0.0
2012,ISYS,CHEM,0.0
2013,ISYS,CHEM,2.0
2008,ISYS,EDUC,0.0
2009,ISYS,EDUC,0.0
2010,ISYS,EDUC,0.0
2011,ISYS,EDUC,0.0
2012,ISYS,EDUC,0.0
2013,ISYS,EDUC,1.0
2008,ISYS,GELY,0.0
2009,ISYS,GELY,0.0
2010,ISYS,GELY,0.0
2011,ISYS,GELY,0.0
2012,ISYS,GELY,0.0
2013,ISYS,GELY,1.0
2008,ISYS,GEOG,1.0
2009,ISYS,GEOG,0.0
2010,ISYS,GEOG,0.0
2011,ISYS,GEOG,0.0
2012,ISYS,GEOG,0.0
2013,ISYS,GEOG,0.0
2008,ISYS,HUMS,0.0
2009,ISYS,HUMS,0.0
2010,ISYS,HUMS,1.0
2011,ISYS,HUMS,1.0
2012,ISYS,HUMS,0.0
2013,ISYS,HUMS,0.0
2008,ISYS,IMAN,0.0
2009,ISYS,IMAN,0.0
2010,ISYS,IMAN,1.0
2011,ISYS,IMAN,1.0
2012,ISYS,IMAN,2.0
2013,ISYS,IMAN,0.0
2008,ISYS,MVEN,1.0
2009,ISYS,MVEN,1.0
2010,ISYS,MVEN,2.0
2011,ISYS,MVEN,1.0
2012,ISYS,MVEN,0.0
2013,ISYS,MVEN,4.0
2008,ISYS,ORDS,0.0
2009,ISYS,ORDS,0.0
2010,ISYS,ORDS,1.0
2011,ISYS,ORDS,0.0
2012,ISYS,ORDS,0.0
2013,ISYS,ORDS,0.0
2008,ISYS,PANM,0.0
2009,ISYS,PANM,0.0
2010,ISYS,PANM,1.0
2011,ISYS,PANM,0.0
2012,ISYS,PANM,0.0
2013,ISYS,PANM,0.0
2008,ISYS,PHYS,1.0
2009,ISYS,PHYS,1.0
2010,ISYS,PHYS,1.0
2011,ISYS,PHYS,0.0
2012,ISYS,PHYS,1.0
2013,ISYS,PHYS,0.0
2008,ISYS,QUEN,0.0
2009,ISYS,QUEN,0.0
2010,ISYS,QUEN,0.0
2011,ISYS,QUEN,0.0
2012,ISYS,QUEN,0.0
2013,ISYS,QUEN,1.0
2008,ISYS,SART,0.0
2009,ISYS,SART,1.0
2010,ISYS,SART,0.0
2011,ISYS,SART,0.0
2012,ISYS,SART,0.0
2013,ISYS,SART,0.0
2008,ISYS,SOCS,0.0
2009,ISYS,SOCS,4.0
2010,ISYS,SOCS,2.0
2011,ISYS,SOCS,4.0
2012,ISYS,SOCS,0.0
2013,ISYS,SOCS,0.0
2008,ISYS,SSCM,1.0
2009,ISYS,SSCM,4.0
2010,ISYS,SSCM,2.0
2011,ISYS,SSCM,4.0
2012,ISYS,SSCM,0.0
2013,ISYS,SSCM,0.0
2008,ISYS,VESC,0.0
2009,ISYS,VESC,0.0
2010,ISYS,VESC,1.0
2011,ISYS,VESC,0.0
2012,ISYS,VESC,0.0
2013,ISYS,VESC,0.0
2008,ITEL,DPPP,1.0
2009,ITEL,DPPP,0.0
2010,ITEL,DPPP,0.0
2011,ITEL,DPPP,0.0
2012,ITEL,DPPP,0.0
2013,ITEL,DPPP,0.0
2008,ITEL,HUMS,1.0
2009,ITEL,HUMS,0.0
2010,ITEL,HUMS,0.0
2011,ITEL,HUMS,0.0
2012,ITEL,HUMS,0.0
2013,ITEL,HUMS,0.0
2008,ITEL,LAWD,1.0
2009,ITEL,LAWD,0.0
2010,ITEL,LAWD,0.0
2011,ITEL,LAWD,0.0
2012,ITEL,LAWD,0.0
2013,ITEL,LAWD,0.0
2008,ITEL,QUEN,1.0
2009,ITEL,QUEN,0.0
2010,ITEL,QUEN,0.0
2011,ITEL,QUEN,0.0
2012,ITEL,QUEN,0.0
2013,ITEL,QUEN,0.0
2008,ITEL,READ,1.0
2009,ITEL,READ,0.0
2010,ITEL,READ,0.0
2011,ITEL,READ,0.0
2012,ITEL,READ,0.0
2013,ITEL,READ,0.0
2008,ITEL,SART,1.0
2009,ITEL,SART,0.0
2010,ITEL,SART,0.0
2011,ITEL,SART,0.0
2012,ITEL,SART,0.0
2013,ITEL,SART,0.0
2008,ITEL,VICH,1.0
2009,ITEL,VICH,0.0
2010,ITEL,VICH,0.0
2011,ITEL,VICH,0.0
2012,ITEL,VICH,0.0
2013,ITEL,VICH,0.0
2008,ITEL,WIDE,1.0
2009,ITEL,WIDE,0.0
2010,ITEL,WIDE,0.0
2011,ITEL,WIDE,0.0
2012,ITEL,WIDE,0.0
2013,ITEL,WIDE,0.0
2008,LANG,SOCS,0.0
2009,LANG,SOCS,0.0
2010,LANG,SOCS,0.0
2011,LANG,SOCS,1.0
2012,LANG,SOCS,0.0
2013,LANG,SOCS,0.0
2008,LAWD,DPPP,1.0
2009,LAWD,DPPP,0.0
2010,LAWD,DPPP,0.0
2011,LAWD,DPPP,0.0
2012,LAWD,DPPP,0.0
2013,LAWD,DPPP,0.0
2008,LAWD,EFIM,0.0
2009,LAWD,EFIM,0.0
2010,LAWD,EFIM,0.0
2011,LAWD,EFIM,0.0
2012,LAWD,EFIM,0.0
2013,LAWD,EFIM,1.0
2008,LAWD,HUMS,1.0
2009,LAWD,HUMS,0.0
2010,LAWD,HUMS,0.0
2011,LAWD,HUMS,0.0
2012,LAWD,HUMS,0.0
2013,LAWD,HUMS,1.0
2008,LAWD,ITEL,1.0
2009,LAWD,ITEL,0.0
2010,LAWD,ITEL,0.0
2011,LAWD,ITEL,0.0
2012,LAWD,ITEL,0.0
2013,LAWD,ITEL,0.0
2008,LAWD,ORDS,0.0
2009,LAWD,ORDS,0.0
2010,LAWD,ORDS,0.0
2011,LAWD,ORDS,0.0
2012,LAWD,ORDS,0.0
2013,LAWD,ORDS,1.0
2008,LAWD,QUEN,1.0
2009,LAWD,QUEN,0.0
2010,LAWD,QUEN,0.0
2011,LAWD,QUEN,0.0
2012,LAWD,QUEN,0.0
2013,LAWD,QUEN,0.0
2008,LAWD,READ,1.0
2009,LAWD,READ,0.0
2010,LAWD,READ,0.0
2011,LAWD,READ,0.0
2012,LAWD,READ,0.0
2013,LAWD,READ,0.0
2008,LAWD,SART,1.0
2009,LAWD,SART,0.0
2010,LAWD,SART,0.0
2011,LAWD,SART,0.0
2012,LAWD,SART,0.0
2013,LAWD,SART,0.0
2008,LAWD,SOCS,0.0
2009,LAWD,SOCS,0.0
2010,LAWD,SOCS,0.0
2011,LAWD,SOCS,0.0
2012,LAWD,SOCS,1.0
2013,LAWD,SOCS,0.0
2008,LAWD,SPAI,15.0
2009,LAWD,SPAI,15.0
2010,LAWD,SPAI,15.0
2011,LAWD,SPAI,11.0
2012,LAWD,SPAI,5.0
2013,LAWD,SPAI,6.0
2008,LAWD,SPOL,0.0
2009,LAWD,SPOL,1.0
2010,LAWD,SPOL,0.0
2011,LAWD,SPOL,0.0
2012,LAWD,SPOL,1.0
2013,LAWD,SPOL,1.0
2008,LAWD,SSCM,5.0
2009,LAWD,SSCM,6.0
2010,LAWD,SSCM,7.0
2011,LAWD,SSCM,3.0
2012,LAWD,SSCM,3.0
2013,LAWD,SSCM,1.0
2008,LAWD,VESC,0.0
2009,LAWD,VESC,0.0
2010,LAWD,VESC,0.0
2011,LAWD,VESC,0.0
2012,LAWD,VESC,1.0
2013,LAWD,VESC,0.0
2008,LAWD,VICH,1.0
2009,LAWD,VICH,0.0
2010,LAWD,VICH,0.0
2011,LAWD,VICH,0.0
2012,LAWD,VICH,1.0
2013,LAWD,VICH,0.0
2008,LAWD,WIDE,1.0
2009,LAWD,WIDE,0.0
2010,LAWD,WIDE,0.0
2011,LAWD,WIDE,0.0
2012,LAWD,WIDE,0.0
2013,LAWD,WIDE,0.0
2008,MATH,BIOC,0.0
2009,MATH,BIOC,0.0
2010,MATH,BIOC,0.0
2011,MATH,BIOC,2.0
2012,MATH,BIOC,1.0
2013,MATH,BIOC,1.0
2008,MATH,BISC,12.0
2009,MATH,BISC,6.0
2010,MATH,BISC,0.0
2011,MATH,BISC,5.0
2012,MATH,BISC,9.0
2013,MATH,BISC,7.0
2008,MATH,CHEM,0.0
2009,MATH,CHEM,1.0
2010,MATH,CHEM,0.0
2011,MATH,CHEM,4.0
2012,MATH,CHEM,1.0
2013,MATH,CHEM,7.0
2008,MATH,GELY,1.0
2009,MATH,GELY,0.0
2010,MATH,GELY,3.0
2011,MATH,GELY,0.0
2012,MATH,GELY,1.0
2013,MATH,GELY,3.0
2008,MATH,GEOG,0.0
2009,MATH,GEOG,0.0
2010,MATH,GEOG,0.0
2011,MATH,GEOG,1.0
2012,MATH,GEOG,2.0
2013,MATH,GEOG,1.0
2008,MATH,IPSS,0.0
2009,MATH,IPSS,0.0
2010,MATH,IPSS,1.0
2011,MATH,IPSS,0.0
2012,MATH,IPSS,0.0
2013,MATH,IPSS,0.0
2008,MATH,MVEN,2.0
2009,MATH,MVEN,0.0
2010,MATH,MVEN,4.0
2011,MATH,MVEN,1.0
2012,MATH,MVEN,2.0
2013,MATH,MVEN,1.0
2008,MATH,MVSF,0.0
2009,MATH,MVSF,0.0
2010,MATH,MVSF,0.0
2011,MATH,MVSF,0.0
2012,MATH,MVSF,0.0
2013,MATH,MVSF,1.0
2008,MATH,PHPH,0.0
2009,MATH,PHPH,0.0
2010,MATH,PHPH,1.0
2011,MATH,PHPH,0.0
2012,MATH,PHPH,0.0
2013,MATH,PHPH,1.0
2008,MATH,PHYS,0.0
2009,MATH,PHYS,3.0
2010,MATH,PHYS,2.0
2011,MATH,PHYS,4.0
2012,MATH,PHYS,2.0
2013,MATH,PHYS,7.0
2008,MATH,QUEN,1.0
2009,MATH,QUEN,0.0
2010,MATH,QUEN,0.0
2011,MATH,QUEN,0.0
2012,MATH,QUEN,1.0
2013,MATH,QUEN,1.0
2008,MATH,SART,0.0
2009,MATH,SART,1.0
2010,MATH,SART,1.0
2011,MATH,SART,2.0
2012,MATH,SART,2.0
2013,MATH,SART,1.0
2008,MATH,SOCS,0.0
2009,MATH,SOCS,0.0
2010,MATH,SOCS,0.0
2011,MATH,SOCS,0.0
2012,MATH,SOCS,0.0
2013,MATH,SOCS,2.0
2008,MATH,SPAI,0.0
2009,MATH,SPAI,0.0
2010,MATH,SPAI,0.0
2011,MATH,SPAI,0.0
2012,MATH,SPAI,0.0
2013,MATH,SPAI,1.0
2008,MATH,SSCM,2.0
2009,MATH,SSCM,1.0
2010,MATH,SSCM,3.0
2011,MATH,SSCM,6.0
2012,MATH,SSCM,5.0
2013,MATH,SSCM,1.0
2008,MATH,VESC,2.0
2009,MATH,VESC,0.0
2010,MATH,VESC,0.0
2011,MATH,VESC,1.0
2012,MATH,VESC,1.0
2013,MATH,VESC,2.0
2008,MDYF,CHEM,0.0
2009,MDYF,CHEM,0.0
2010,MDYF,CHEM,0.0
2011,MDYF,CHEM,0.0
2012,MDYF,CHEM,0.0
2013,MDYF,CHEM,1.0
2008,MDYF,CHSE,0.0
2009,MDYF,CHSE,0.0
2010,MDYF,CHSE,0.0
2011,MDYF,CHSE,1.0
2012,MDYF,CHSE,0.0
2013,MDYF,CHSE,0.0
2008,MDYF,EFIM,0.0
2009,MDYF,EFIM,0.0
2010,MDYF,EFIM,0.0
2011,MDYF,EFIM,0.0
2012,MDYF,EFIM,0.0
2013,MDYF,EFIM,1.0
2008,MDYF,MEED,4.0
2009,MDYF,MEED,4.0
2010,MDYF,MEED,4.0
2011,MDYF,MEED,3.0
2012,MDYF,MEED,1.0
2013,MDYF,MEED,2.0
2008,MDYF,ORDS,5.0
2009,MDYF,ORDS,11.0
2010,MDYF,ORDS,6.0
2011,MDYF,ORDS,15.0
2012,MDYF,ORDS,12.0
2013,MDYF,ORDS,10.0
2008,MDYF,PANM,0.0
2009,MDYF,PANM,0.0
2010,MDYF,PANM,0.0
2011,MDYF,PANM,0.0
2012,MDYF,PANM,0.0
2013,MDYF,PANM,1.0
2008,MDYF,PHPH,4.0
2009,MDYF,PHPH,4.0
2010,MDYF,PHPH,3.0
2011,MDYF,PHPH,2.0
2012,MDYF,PHPH,1.0
2013,MDYF,PHPH,2.0
2008,MDYF,QUEN,1.0
2009,MDYF,QUEN,1.0
2010,MDYF,QUEN,0.0
2011,MDYF,QUEN,2.0
2012,MDYF,QUEN,1.0
2013,MDYF,QUEN,0.0
2008,MDYF,SOCS,1.0
2009,MDYF,SOCS,0.0
2010,MDYF,SOCS,3.0
2011,MDYF,SOCS,1.0
2012,MDYF,SOCS,3.0
2013,MDYF,SOCS,2.0
2008,MDYF,SPOL,0.0
2009,MDYF,SPOL,0.0
2010,MDYF,SPOL,1.0
2011,MDYF,SPOL,3.0
2012,MDYF,SPOL,0.0
2013,MDYF,SPOL,0.0
2008,MDYF,SSCM,6.0
2009,MDYF,SSCM,4.0
2010,MDYF,SSCM,6.0
2011,MDYF,SSCM,7.0
2012,MDYF,SSCM,6.0
2013,MDYF,SSCM,10.0
2008,MEED,BIOC,0.0
2009,MEED,BIOC,0.0
2010,MEED,BIOC,1.0
2011,MEED,BIOC,0.0
2012,MEED,BIOC,1.0
2013,MEED,BIOC,0.0
2008,MEED,CHEM,0.0
2009,MEED,CHEM,0.0
2010,MEED,CHEM,1.0
2011,MEED,CHEM,0.0
2012,MEED,CHEM,0.0
2013,MEED,CHEM,1.0
2008,MEED,EDUC,0.0
2009,MEED,EDUC,1.0
2010,MEED,EDUC,1.0
2011,MEED,EDUC,2.0
2012,MEED,EDUC,0.0
2013,MEED,EDUC,3.0
2008,MEED,EFIM,2.0
2009,MEED,EFIM,0.0
2010,MEED,EFIM,0.0
2011,MEED,EFIM,0.0
2012,MEED,EFIM,0.0
2013,MEED,EFIM,0.0
2008,MEED,GELY,0.0
2009,MEED,GELY,0.0
2010,MEED,GELY,0.0
2011,MEED,GELY,0.0
2012,MEED,GELY,1.0
2013,MEED,GELY,1.0
2008,MEED,GEOG,0.0
2009,MEED,GEOG,0.0
2010,MEED,GEOG,0.0
2011,MEED,GEOG,1.0
2012,MEED,GEOG,2.0
2013,MEED,GEOG,2.0
2008,MEED,HUMS,0.0
2009,MEED,HUMS,0.0
2010,MEED,HUMS,0.0
2011,MEED,HUMS,0.0
2012,MEED,HUMS,2.0
2013,MEED,HUMS,0.0
2008,MEED,IMAN,1.0
2009,MEED,IMAN,0.0
2010,MEED,IMAN,0.0
2011,MEED,IMAN,0.0
2012,MEED,IMAN,0.0
2013,MEED,IMAN,0.0
2008,MEED,MDYF,4.0
2009,MEED,MDYF,4.0
2010,MEED,MDYF,4.0
2011,MEED,MDYF,3.0
2012,MEED,MDYF,1.0
2013,MEED,MDYF,2.0
2008,MEED,MSAD,0.0
2009,MEED,MSAD,0.0
2010,MEED,MSAD,0.0
2011,MEED,MSAD,0.0
2012,MEED,MSAD,1.0
2013,MEED,MSAD,0.0
2008,MEED,MVEN,0.0
2009,MEED,MVEN,0.0
2010,MEED,MVEN,0.0
2011,MEED,MVEN,0.0
2012,MEED,MVEN,0.0
2013,MEED,MVEN,2.0
2008,MEED,NCCC,1.0
2009,MEED,NCCC,0.0
2010,MEED,NCCC,0.0
2011,MEED,NCCC,0.0
2012,MEED,NCCC,1.0
2013,MEED,NCCC,0.0
2008,MEED,PANM,2.0
2009,MEED,PANM,0.0
2010,MEED,PANM,1.0
2011,MEED,PANM,2.0
2012,MEED,PANM,2.0
2013,MEED,PANM,1.0
2008,MEED,PHPH,4.0
2009,MEED,PHPH,5.0
2010,MEED,PHPH,3.0
2011,MEED,PHPH,2.0
2012,MEED,PHPH,3.0
2013,MEED,PHPH,2.0
2008,MEED,PHYS,0.0
2009,MEED,PHYS,0.0
2010,MEED,PHYS,0.0
2011,MEED,PHYS,1.0
2012,MEED,PHYS,0.0
2013,MEED,PHYS,1.0
2008,MEED,PSYC,0.0
2009,MEED,PSYC,0.0
2010,MEED,PSYC,0.0
2011,MEED,PSYC,1.0
2012,MEED,PSYC,1.0
2013,MEED,PSYC,0.0
2008,MEED,SITG,0.0
2009,MEED,SITG,0.0
2010,MEED,SITG,1.0
2011,MEED,SITG,0.0
2012,MEED,SITG,0.0
2013,MEED,SITG,0.0
2008,MEED,SOCS,8.0
2009,MEED,SOCS,6.0
2010,MEED,SOCS,10.0
2011,MEED,SOCS,11.0
2012,MEED,SOCS,15.0
2013,MEED,SOCS,14.0
2008,MEED,SSCM,4.0
2009,MEED,SSCM,5.0
2010,MEED,SSCM,3.0
2011,MEED,SSCM,4.0
2012,MEED,SSCM,6.0
2013,MEED,SSCM,5.0
2008,MEED,VESC,0.0
2009,MEED,VESC,0.0
2010,MEED,VESC,0.0
2011,MEED,VESC,0.0
2012,MEED,VESC,1.0
2013,MEED,VESC,0.0
2008,MODL,CHEM,0.0
2009,MODL,CHEM,2.0
2010,MODL,CHEM,5.0
2011,MODL,CHEM,0.0
2012,MODL,CHEM,0.0
2013,MODL,CHEM,0.0
2008,MODL,DPPP,2.0
2009,MODL,DPPP,1.0
2010,MODL,DPPP,1.0
2011,MODL,DPPP,3.0
2012,MODL,DPPP,0.0
2013,MODL,DPPP,2.0
2008,MODL,EFIM,0.0
2009,MODL,EFIM,0.0
2010,MODL,EFIM,1.0
2011,MODL,EFIM,0.0
2012,MODL,EFIM,0.0
2013,MODL,EFIM,0.0
2008,MODL,GEOG,0.0
2009,MODL,GEOG,0.0
2010,MODL,GEOG,1.0
2011,MODL,GEOG,0.0
2012,MODL,GEOG,0.0
2013,MODL,GEOG,0.0
2008,MODL,SART,0.0
2009,MODL,SART,0.0
2010,MODL,SART,1.0
2011,MODL,SART,0.0
2012,MODL,SART,0.0
2013,MODL,SART,0.0
2008,MODL,SSCM,0.0
2009,MODL,SSCM,0.0
2010,MODL,SSCM,1.0
2011,MODL,SSCM,0.0
2012,MODL,SSCM,0.0
2013,MODL,SSCM,0.0
2008,MSAD,BIOC,0.0
2009,MSAD,BIOC,0.0
2010,MSAD,BIOC,1.0
2011,MSAD,BIOC,2.0
2012,MSAD,BIOC,1.0
2013,MSAD,BIOC,0.0
2008,MSAD,CHSE,0.0
2009,MSAD,CHSE,0.0
2010,MSAD,CHSE,1.0
2011,MSAD,CHSE,1.0
2012,MSAD,CHSE,0.0
2013,MSAD,CHSE,0.0
2008,MSAD,ENGF,0.0
2009,MSAD,ENGF,0.0
2010,MSAD,ENGF,0.0
2011,MSAD,ENGF,0.0
2012,MSAD,ENGF,3.0
2013,MSAD,ENGF,0.0
2008,MSAD,FSTA,0.0
2009,MSAD,FSTA,0.0
2010,MSAD,FSTA,0.0
2011,MSAD,FSTA,0.0
2012,MSAD,FSTA,2.0
2013,MSAD,FSTA,0.0
2008,MSAD,MEED,0.0
2009,MSAD,MEED,0.0
2010,MSAD,MEED,0.0
2011,MSAD,MEED,0.0
2012,MSAD,MEED,1.0
2013,MSAD,MEED,0.0
2008,MSAD,PANM,0.0
2009,MSAD,PANM,4.0
2010,MSAD,PANM,4.0
2011,MSAD,PANM,1.0
2012,MSAD,PANM,3.0
2013,MSAD,PANM,0.0
2008,MSAD,PHPH,0.0
2009,MSAD,PHPH,0.0
2010,MSAD,PHPH,1.0
2011,MSAD,PHPH,0.0
2012,MSAD,PHPH,1.0
2013,MSAD,PHPH,0.0
2008,MSAD,SITG,0.0
2009,MSAD,SITG,0.0
2010,MSAD,SITG,0.0
2011,MSAD,SITG,0.0
2012,MSAD,SITG,2.0
2013,MSAD,SITG,0.0
2008,MSAD,SOCS,0.0
2009,MSAD,SOCS,0.0
2010,MSAD,SOCS,1.0
2011,MSAD,SOCS,2.0
2012,MSAD,SOCS,1.0
2013,MSAD,SOCS,0.0
2008,MSAD,SSCM,0.0
2009,MSAD,SSCM,0.0
2010,MSAD,SSCM,0.0
2011,MSAD,SSCM,0.0
2012,MSAD,SSCM,5.0
2013,MSAD,SSCM,3.0
2008,MVEN,BIOC,1.0
2009,MVEN,BIOC,0.0
2010,MVEN,BIOC,1.0
2011,MVEN,BIOC,1.0
2012,MVEN,BIOC,9.0
2013,MVEN,BIOC,4.0
2008,MVEN,BISC,3.0
2009,MVEN,BISC,5.0
2010,MVEN,BISC,9.0
2011,MVEN,BISC,6.0
2012,MVEN,BISC,8.0
2013,MVEN,BISC,6.0
2008,MVEN,CHEM,1.0
2009,MVEN,CHEM,0.0
2010,MVEN,CHEM,3.0
2011,MVEN,CHEM,1.0
2012,MVEN,CHEM,2.0
2013,MVEN,CHEM,2.0
2008,MVEN,DPPP,0.0
2009,MVEN,DPPP,2.0
2010,MVEN,DPPP,0.0
2011,MVEN,DPPP,0.0
2012,MVEN,DPPP,0.0
2013,MVEN,DPPP,1.0
2008,MVEN,EDUC,0.0
2009,MVEN,EDUC,0.0
2010,MVEN,EDUC,0.0
2011,MVEN,EDUC,1.0
2012,MVEN,EDUC,0.0
2013,MVEN,EDUC,3.0
2008,MVEN,EFIM,0.0
2009,MVEN,EFIM,0.0
2010,MVEN,EFIM,1.0
2011,MVEN,EFIM,0.0
2012,MVEN,EFIM,0.0
2013,MVEN,EFIM,0.0
2008,MVEN,ENGF,10.0
2009,MVEN,ENGF,12.0
2010,MVEN,ENGF,4.0
2011,MVEN,ENGF,11.0
2012,MVEN,ENGF,6.0
2013,MVEN,ENGF,10.0
2008,MVEN,GELY,0.0
2009,MVEN,GELY,0.0
2010,MVEN,GELY,0.0
2011,MVEN,GELY,0.0
2012,MVEN,GELY,0.0
2013,MVEN,GELY,2.0
2008,MVEN,GEOG,2.0
2009,MVEN,GEOG,0.0
2010,MVEN,GEOG,4.0
2011,MVEN,GEOG,0.0
2012,MVEN,GEOG,1.0
2013,MVEN,GEOG,6.0
2008,MVEN,IMAN,0.0
2009,MVEN,IMAN,0.0
2010,MVEN,IMAN,0.0
2011,MVEN,IMAN,1.0
2012,MVEN,IMAN,1.0
2013,MVEN,IMAN,0.0
2008,MVEN,INOV,2.0
2009,MVEN,INOV,1.0
2010,MVEN,INOV,1.0
2011,MVEN,INOV,0.0
2012,MVEN,INOV,2.0
2013,MVEN,INOV,2.0
2008,MVEN,ISYS,1.0
2009,MVEN,ISYS,1.0
2010,MVEN,ISYS,2.0
2011,MVEN,ISYS,1.0
2012,MVEN,ISYS,0.0
2013,MVEN,ISYS,4.0
2008,MVEN,MATH,2.0
2009,MVEN,MATH,0.0
2010,MVEN,MATH,4.0
2011,MVEN,MATH,1.0
2012,MVEN,MATH,2.0
2013,MVEN,MATH,1.0
2008,MVEN,MEED,0.0
2009,MVEN,MEED,0.0
2010,MVEN,MEED,0.0
2011,MVEN,MEED,0.0
2012,MVEN,MEED,0.0
2013,MVEN,MEED,2.0
2008,MVEN,MVSF,0.0
2009,MVEN,MVSF,0.0
2010,MVEN,MVSF,0.0
2011,MVEN,MVSF,0.0
2012,MVEN,MVSF,3.0
2013,MVEN,MVSF,0.0
2008,MVEN,NCCC,0.0
2009,MVEN,NCCC,1.0
2010,MVEN,NCCC,0.0
2011,MVEN,NCCC,1.0
2012,MVEN,NCCC,0.0
2013,MVEN,NCCC,0.0
2008,MVEN,ORDS,0.0
2009,MVEN,ORDS,0.0
2010,MVEN,ORDS,0.0
2011,MVEN,ORDS,1.0
2012,MVEN,ORDS,1.0
2013,MVEN,ORDS,1.0
2008,MVEN,PANM,2.0
2009,MVEN,PANM,0.0
2010,MVEN,PANM,1.0
2011,MVEN,PANM,2.0
2012,MVEN,PANM,2.0
2013,MVEN,PANM,3.0
2008,MVEN,PHPH,0.0
2009,MVEN,PHPH,0.0
2010,MVEN,PHPH,0.0
2011,MVEN,PHPH,3.0
2012,MVEN,PHPH,4.0
2013,MVEN,PHPH,5.0
2008,MVEN,PHYS,37.0
2009,MVEN,PHYS,34.0
2010,MVEN,PHYS,23.0
2011,MVEN,PHYS,26.0
2012,MVEN,PHYS,32.0
2013,MVEN,PHYS,22.0
2008,MVEN,PSYC,1.0
2009,MVEN,PSYC,0.0
2010,MVEN,PSYC,2.0
2011,MVEN,PSYC,0.0
2012,MVEN,PSYC,0.0
2013,MVEN,PSYC,2.0
2008,MVEN,QUEN,27.0
2009,MVEN,QUEN,23.0
2010,MVEN,QUEN,24.0
2011,MVEN,QUEN,22.0
2012,MVEN,QUEN,29.0
2013,MVEN,QUEN,27.0
2008,MVEN,SART,2.0
2009,MVEN,SART,6.0
2010,MVEN,SART,11.0
2011,MVEN,SART,6.0
2012,MVEN,SART,6.0
2013,MVEN,SART,3.0
2008,MVEN,SOCS,10.0
2009,MVEN,SOCS,7.0
2010,MVEN,SOCS,11.0
2011,MVEN,SOCS,4.0
2012,MVEN,SOCS,6.0
2013,MVEN,SOCS,5.0
2008,MVEN,SSCM,0.0
2009,MVEN,SSCM,0.0
2010,MVEN,SSCM,0.0
2011,MVEN,SSCM,0.0
2012,MVEN,SSCM,0.0
2013,MVEN,SSCM,3.0
2008,MVEN,VESC,0.0
2009,MVEN,VESC,0.0
2010,MVEN,VESC,0.0
2011,MVEN,VESC,2.0
2012,MVEN,VESC,0.0
2013,MVEN,VESC,2.0
2008,MVEN,VICH,14.0
2009,MVEN,VICH,8.0
2010,MVEN,VICH,11.0
2011,MVEN,VICH,8.0
2012,MVEN,VICH,5.0
2013,MVEN,VICH,1.0
2008,MVSF,BIOC,3.0
2009,MVSF,BIOC,8.0
2010,MVSF,BIOC,3.0
2011,MVSF,BIOC,7.0
2012,MVSF,BIOC,14.0
2013,MVSF,BIOC,9.0
2008,MVSF,BISC,0.0
2009,MVSF,BISC,0.0
2010,MVSF,BISC,0.0
2011,MVSF,BISC,0.0
2012,MVSF,BISC,1.0
2013,MVSF,BISC,1.0
2008,MVSF,CHEM,1.0
2009,MVSF,CHEM,2.0
2010,MVSF,CHEM,1.0
2011,MVSF,CHEM,1.0
2012,MVSF,CHEM,1.0
2013,MVSF,CHEM,1.0
2008,MVSF,DPPP,1.0
2009,MVSF,DPPP,1.0
2010,MVSF,DPPP,0.0
2011,MVSF,DPPP,0.0
2012,MVSF,DPPP,0.0
2013,MVSF,DPPP,0.0
2008,MVSF,EDUC,0.0
2009,MVSF,EDUC,0.0
2010,MVSF,EDUC,0.0
2011,MVSF,EDUC,0.0
2012,MVSF,EDUC,0.0
2013,MVSF,EDUC,1.0
2008,MVSF,MATH,0.0
2009,MVSF,MATH,0.0
2010,MVSF,MATH,0.0
2011,MVSF,MATH,0.0
2012,MVSF,MATH,0.0
2013,MVSF,MATH,1.0
2008,MVSF,MVEN,0.0
2009,MVSF,MVEN,0.0
2010,MVSF,MVEN,0.0
2011,MVSF,MVEN,0.0
2012,MVSF,MVEN,3.0
2013,MVSF,MVEN,0.0
2008,MVSF,PANM,0.0
2009,MVSF,PANM,1.0
2010,MVSF,PANM,0.0
2011,MVSF,PANM,1.0
2012,MVSF,PANM,3.0
2013,MVSF,PANM,3.0
2008,MVSF,PHPH,0.0
2009,MVSF,PHPH,4.0
2010,MVSF,PHPH,4.0
2011,MVSF,PHPH,4.0
2012,MVSF,PHPH,4.0
2013,MVSF,PHPH,2.0
2008,MVSF,PHYS,0.0
2009,MVSF,PHYS,0.0
2010,MVSF,PHYS,0.0
2011,MVSF,PHYS,0.0
2012,MVSF,PHYS,1.0
2013,MVSF,PHYS,1.0
2008,MVSF,SOCS,1.0
2009,MVSF,SOCS,5.0
2010,MVSF,SOCS,2.0
2011,MVSF,SOCS,4.0
2012,MVSF,SOCS,6.0
2013,MVSF,SOCS,4.0
2008,MVSF,SSCM,0.0
2009,MVSF,SSCM,0.0
2010,MVSF,SSCM,0.0
2011,MVSF,SSCM,1.0
2012,MVSF,SSCM,0.0
2013,MVSF,SSCM,2.0
2008,MVSF,VESC,0.0
2009,MVSF,VESC,1.0
2010,MVSF,VESC,1.0
2011,MVSF,VESC,2.0
2012,MVSF,VESC,0.0
2013,MVSF,VESC,0.0
2008,NCCC,CHEM,0.0
2009,NCCC,CHEM,0.0
2010,NCCC,CHEM,0.0
2011,NCCC,CHEM,1.0
2012,NCCC,CHEM,0.0
2013,NCCC,CHEM,0.0
2008,NCCC,ENGF,0.0
2009,NCCC,ENGF,1.0
2010,NCCC,ENGF,0.0
2011,NCCC,ENGF,1.0
2012,NCCC,ENGF,1.0
2013,NCCC,ENGF,1.0
2008,NCCC,GEOG,0.0
2009,NCCC,GEOG,0.0
2010,NCCC,GEOG,0.0
2011,NCCC,GEOG,0.0
2012,NCCC,GEOG,1.0
2013,NCCC,GEOG,0.0
2008,NCCC,IMAN,1.0
2009,NCCC,IMAN,0.0
2010,NCCC,IMAN,0.0
2011,NCCC,IMAN,0.0
2012,NCCC,IMAN,0.0
2013,NCCC,IMAN,0.0
2008,NCCC,MEED,1.0
2009,NCCC,MEED,0.0
2010,NCCC,MEED,0.0
2011,NCCC,MEED,0.0
2012,NCCC,MEED,1.0
2013,NCCC,MEED,0.0
2008,NCCC,MVEN,0.0
2009,NCCC,MVEN,1.0
2010,NCCC,MVEN,0.0
2011,NCCC,MVEN,1.0
2012,NCCC,MVEN,0.0
2013,NCCC,MVEN,0.0
2008,NCCC,QUEN,8.0
2009,NCCC,QUEN,13.0
2010,NCCC,QUEN,5.0
2011,NCCC,QUEN,8.0
2012,NCCC,QUEN,12.0
2013,NCCC,QUEN,9.0
2008,NCCC,SOCS,0.0
2009,NCCC,SOCS,0.0
2010,NCCC,SOCS,0.0
2011,NCCC,SOCS,0.0
2012,NCCC,SOCS,1.0
2013,NCCC,SOCS,1.0
2008,NCCC,SSCM,1.0
2009,NCCC,SSCM,0.0
2010,NCCC,SSCM,0.0
2011,NCCC,SSCM,0.0
2012,NCCC,SSCM,0.0
2013,NCCC,SSCM,2.0
2008,NCCC,VESC,0.0
2009,NCCC,VESC,0.0
2010,NCCC,VESC,0.0
2011,NCCC,VESC,0.0
2012,NCCC,VESC,1.0
2013,NCCC,VESC,0.0
2008,NSQI,ORDS,0.0
2009,NSQI,ORDS,1.0
2010,NSQI,ORDS,0.0
2011,NSQI,ORDS,0.0
2012,NSQI,ORDS,0.0
2013,NSQI,ORDS,0.0
2008,NSQI,PHYS,1.0
2009,NSQI,PHYS,2.0
2010,NSQI,PHYS,0.0
2011,NSQI,PHYS,0.0
2012,NSQI,PHYS,0.0
2013,NSQI,PHYS,0.0
2008,OPPO,EDUC,2.0
2009,OPPO,EDUC,0.0
2010,OPPO,EDUC,0.0
2011,OPPO,EDUC,1.0
2012,OPPO,EDUC,0.0
2013,OPPO,EDUC,0.0
2008,OPPO,HUMS,0.0
2009,OPPO,HUMS,0.0
2010,OPPO,HUMS,0.0
2011,OPPO,HUMS,0.0
2012,OPPO,HUMS,1.0
2013,OPPO,HUMS,0.0
2008,OPPO,IMAN,0.0
2009,OPPO,IMAN,0.0
2010,OPPO,IMAN,0.0
2011,OPPO,IMAN,0.0
2012,OPPO,IMAN,1.0
2013,OPPO,IMAN,0.0
2008,OPPO,SART,0.0
2009,OPPO,SART,0.0
2010,OPPO,SART,0.0
2011,OPPO,SART,0.0
2012,OPPO,SART,1.0
2013,OPPO,SART,0.0
2008,ORDS,ATHF,1.0
2009,ORDS,ATHF,1.0
2010,ORDS,ATHF,3.0
2011,ORDS,ATHF,0.0
2012,ORDS,ATHF,0.0
2013,ORDS,ATHF,0.0
2008,ORDS,BIOC,1.0
2009,ORDS,BIOC,0.0
2010,ORDS,BIOC,0.0
2011,ORDS,BIOC,3.0
2012,ORDS,BIOC,2.0
2013,ORDS,BIOC,2.0
2008,ORDS,BISC,0.0
2009,ORDS,BISC,0.0
2010,ORDS,BISC,0.0
2011,ORDS,BISC,0.0
2012,ORDS,BISC,1.0
2013,ORDS,BISC,0.0
2008,ORDS,CHEM,0.0
2009,ORDS,CHEM,1.0
2010,ORDS,CHEM,1.0
2011,ORDS,CHEM,1.0
2012,ORDS,CHEM,2.0
2013,ORDS,CHEM,3.0
2008,ORDS,CHSE,0.0
2009,ORDS,CHSE,0.0
2010,ORDS,CHSE,0.0
2011,ORDS,CHSE,1.0
2012,ORDS,CHSE,0.0
2013,ORDS,CHSE,0.0
2008,ORDS,ISYS,0.0
2009,ORDS,ISYS,0.0
2010,ORDS,ISYS,1.0
2011,ORDS,ISYS,0.0
2012,ORDS,ISYS,0.0
2013,ORDS,ISYS,0.0
2008,ORDS,LAWD,0.0
2009,ORDS,LAWD,0.0
2010,ORDS,LAWD,0.0
2011,ORDS,LAWD,0.0
2012,ORDS,LAWD,0.0
2013,ORDS,LAWD,1.0
2008,ORDS,MDYF,5.0
2009,ORDS,MDYF,11.0
2010,ORDS,MDYF,6.0
2011,ORDS,MDYF,15.0
2012,ORDS,MDYF,12.0
2013,ORDS,MDYF,10.0
2008,ORDS,MVEN,0.0
2009,ORDS,MVEN,0.0
2010,ORDS,MVEN,0.0
2011,ORDS,MVEN,1.0
2012,ORDS,MVEN,1.0
2013,ORDS,MVEN,1.0
2008,ORDS,NSQI,0.0
2009,ORDS,NSQI,1.0
2010,ORDS,NSQI,0.0
2011,ORDS,NSQI,0.0
2012,ORDS,NSQI,0.0
2013,ORDS,NSQI,0.0
2008,ORDS,PANM,3.0
2009,ORDS,PANM,0.0
2010,ORDS,PANM,1.0
2011,ORDS,PANM,3.0
2012,ORDS,PANM,3.0
2013,ORDS,PANM,1.0
2008,ORDS,PHPH,1.0
2009,ORDS,PHPH,1.0
2010,ORDS,PHPH,2.0
2011,ORDS,PHPH,0.0
2012,ORDS,PHPH,0.0
2013,ORDS,PHPH,1.0
2008,ORDS,PHYS,2.0
2009,ORDS,PHYS,3.0
2010,ORDS,PHYS,0.0
2011,ORDS,PHYS,1.0
2012,ORDS,PHYS,1.0
2013,ORDS,PHYS,2.0
2008,ORDS,PSYC,5.0
2009,ORDS,PSYC,0.0
2010,ORDS,PSYC,2.0
2011,ORDS,PSYC,1.0
2012,ORDS,PSYC,1.0
2013,ORDS,PSYC,0.0
2008,ORDS,QUEN,4.0
2009,ORDS,QUEN,4.0
2010,ORDS,QUEN,0.0
2011,ORDS,QUEN,2.0
2012,ORDS,QUEN,1.0
2013,ORDS,QUEN,1.0
2008,ORDS,SOCS,11.0
2009,ORDS,SOCS,9.0
2010,ORDS,SOCS,15.0
2011,ORDS,SOCS,17.0
2012,ORDS,SOCS,17.0
2013,ORDS,SOCS,11.0
2008,ORDS,SPOL,2.0
2009,ORDS,SPOL,4.0
2010,ORDS,SPOL,2.0
2011,ORDS,SPOL,4.0
2012,ORDS,SPOL,4.0
2013,ORDS,SPOL,1.0
2008,ORDS,SSCM,23.0
2009,ORDS,SSCM,15.0
2010,ORDS,SSCM,24.0
2011,ORDS,SSCM,23.0
2012,ORDS,SSCM,21.0
2013,ORDS,SSCM,18.0
2008,ORDS,VESC,1.0
2009,ORDS,VESC,0.0
2010,ORDS,VESC,0.0
2011,ORDS,VESC,0.0
2012,ORDS,VESC,0.0
2013,ORDS,VESC,0.0
2008,ORED,CHEM,1.0
2009,ORED,CHEM,1.0
2010,ORED,CHEM,0.0
2011,ORED,CHEM,0.0
2012,ORED,CHEM,0.0
2013,ORED,CHEM,0.0
2008,ORED,HUMS,0.0
2009,ORED,HUMS,0.0
2010,ORED,HUMS,0.0
2011,ORED,HUMS,0.0
2012,ORED,HUMS,1.0
2013,ORED,HUMS,1.0
2008,ORED,PANM,0.0
2009,ORED,PANM,0.0
2010,ORED,PANM,0.0
2011,ORED,PANM,0.0
2012,ORED,PANM,0.0
2013,ORED,PANM,1.0
2008,ORED,PHPH,0.0
2009,ORED,PHPH,0.0
2010,ORED,PHPH,0.0
2011,ORED,PHPH,0.0
2012,ORED,PHPH,0.0
2013,ORED,PHPH,1.0
2008,ORED,SOCS,1.0
2009,ORED,SOCS,0.0
2010,ORED,SOCS,0.0
2011,ORED,SOCS,0.0
2012,ORED,SOCS,0.0
2013,ORED,SOCS,0.0
2008,PANM,BCAP,0.0
2009,PANM,BCAP,0.0
2010,PANM,BCAP,1.0
2011,PANM,BCAP,0.0
2012,PANM,BCAP,0.0
2013,PANM,BCAP,0.0
2008,PANM,BIOC,2.0
2009,PANM,BIOC,1.0
2010,PANM,BIOC,8.0
2011,PANM,BIOC,9.0
2012,PANM,BIOC,2.0
2013,PANM,BIOC,9.0
2008,PANM,BISC,0.0
2009,PANM,BISC,0.0
2010,PANM,BISC,0.0
2011,PANM,BISC,0.0
2012,PANM,BISC,1.0
2013,PANM,BISC,0.0
2008,PANM,CHEM,0.0
2009,PANM,CHEM,3.0
2010,PANM,CHEM,2.0
2011,PANM,CHEM,7.0
2012,PANM,CHEM,9.0
2013,PANM,CHEM,10.0
2008,PANM,DPPP,0.0
2009,PANM,DPPP,3.0
2010,PANM,DPPP,2.0
2011,PANM,DPPP,3.0
2012,PANM,DPPP,6.0
2013,PANM,DPPP,6.0
2008,PANM,EDUC,0.0
2009,PANM,EDUC,0.0
2010,PANM,EDUC,0.0
2011,PANM,EDUC,0.0
2012,PANM,EDUC,0.0
2013,PANM,EDUC,1.0
2008,PANM,FSTA,0.0
2009,PANM,FSTA,1.0
2010,PANM,FSTA,0.0
2011,PANM,FSTA,0.0
2012,PANM,FSTA,0.0
2013,PANM,FSTA,0.0
2008,PANM,ISYS,0.0
2009,PANM,ISYS,0.0
2010,PANM,ISYS,1.0
2011,PANM,ISYS,0.0
2012,PANM,ISYS,0.0
2013,PANM,ISYS,0.0
2008,PANM,MDYF,0.0
2009,PANM,MDYF,0.0
2010,PANM,MDYF,0.0
2011,PANM,MDYF,0.0
2012,PANM,MDYF,0.0
2013,PANM,MDYF,1.0
2008,PANM,MEED,2.0
2009,PANM,MEED,0.0
2010,PANM,MEED,1.0
2011,PANM,MEED,2.0
2012,PANM,MEED,2.0
2013,PANM,MEED,1.0
2008,PANM,MSAD,0.0
2009,PANM,MSAD,4.0
2010,PANM,MSAD,4.0
2011,PANM,MSAD,1.0
2012,PANM,MSAD,3.0
2013,PANM,MSAD,0.0
2008,PANM,MVEN,2.0
2009,PANM,MVEN,0.0
2010,PANM,MVEN,1.0
2011,PANM,MVEN,2.0
2012,PANM,MVEN,2.0
2013,PANM,MVEN,3.0
2008,PANM,MVSF,0.0
2009,PANM,MVSF,1.0
2010,PANM,MVSF,0.0
2011,PANM,MVSF,1.0
2012,PANM,MVSF,3.0
2013,PANM,MVSF,3.0
2008,PANM,ORDS,3.0
2009,PANM,ORDS,0.0
2010,PANM,ORDS,1.0
2011,PANM,ORDS,3.0
2012,PANM,ORDS,3.0
2013,PANM,ORDS,1.0
2008,PANM,ORED,0.0
2009,PANM,ORED,0.0
2010,PANM,ORED,0.0
2011,PANM,ORED,0.0
2012,PANM,ORED,0.0
2013,PANM,ORED,1.0
2008,PANM,PHPH,1.0
2009,PANM,PHPH,2.0
2010,PANM,PHPH,5.0
2011,PANM,PHPH,3.0
2012,PANM,PHPH,2.0
2013,PANM,PHPH,6.0
2008,PANM,PHYS,0.0
2009,PANM,PHYS,0.0
2010,PANM,PHYS,1.0
2011,PANM,PHYS,2.0
2012,PANM,PHYS,1.0
2013,PANM,PHYS,4.0
2008,PANM,QUEN,0.0
2009,PANM,QUEN,0.0
2010,PANM,QUEN,0.0
2011,PANM,QUEN,1.0
2012,PANM,QUEN,2.0
2013,PANM,QUEN,2.0
2008,PANM,SCIF,0.0
2009,PANM,SCIF,1.0
2010,PANM,SCIF,0.0
2011,PANM,SCIF,0.0
2012,PANM,SCIF,0.0
2013,PANM,SCIF,0.0
2008,PANM,SOCS,33.0
2009,PANM,SOCS,23.0
2010,PANM,SOCS,39.0
2011,PANM,SOCS,37.0
2012,PANM,SOCS,43.0
2013,PANM,SOCS,55.0
2008,PANM,SSCM,2.0
2009,PANM,SSCM,1.0
2010,PANM,SSCM,4.0
2011,PANM,SSCM,3.0
2012,PANM,SSCM,6.0
2013,PANM,SSCM,5.0
2008,PANM,VESC,3.0
2009,PANM,VESC,3.0
2010,PANM,VESC,3.0
2011,PANM,VESC,0.0
2012,PANM,VESC,3.0
2013,PANM,VESC,4.0
2008,PERS,CHEM,0.0
2009,PERS,CHEM,0.0
2010,PERS,CHEM,0.0
2011,PERS,CHEM,0.0
2012,PERS,CHEM,0.0
2013,PERS,CHEM,1.0
2008,PERS,GELY,0.0
2009,PERS,GELY,0.0
2010,PERS,GELY,0.0
2011,PERS,GELY,0.0
2012,PERS,GELY,1.0
2013,PERS,GELY,0.0
2008,PERS,HUMS,2.0
2009,PERS,HUMS,1.0
2010,PERS,HUMS,3.0
2011,PERS,HUMS,7.0
2012,PERS,HUMS,2.0
2013,PERS,HUMS,5.0
2008,PERS,IPSS,0.0
2009,PERS,IPSS,4.0
2010,PERS,IPSS,1.0
2011,PERS,IPSS,0.0
2012,PERS,IPSS,1.0
2013,PERS,IPSS,3.0
2008,PERS,SART,0.0
2009,PERS,SART,1.0
2010,PERS,SART,3.0
2011,PERS,SART,1.0
2012,PERS,SART,1.0
2013,PERS,SART,1.0
2008,PERS,SOCS,0.0
2009,PERS,SOCS,2.0
2010,PERS,SOCS,1.0
2011,PERS,SOCS,0.0
2012,PERS,SOCS,0.0
2013,PERS,SOCS,1.0
2008,PERS,SSCM,0.0
2009,PERS,SSCM,4.0
2010,PERS,SSCM,1.0
2011,PERS,SSCM,1.0
2012,PERS,SSCM,2.0
2013,PERS,SSCM,4.0
2008,PHPH,BIOC,6.0
2009,PHPH,BIOC,8.0
2010,PHPH,BIOC,8.0
2011,PHPH,BIOC,17.0
2012,PHPH,BIOC,14.0
2013,PHPH,BIOC,15.0
2008,PHPH,BISC,3.0
2009,PHPH,BISC,2.0
2010,PHPH,BISC,2.0
2011,PHPH,BISC,0.0
2012,PHPH,BISC,5.0
2013,PHPH,BISC,2.0
2008,PHPH,CHEM,1.0
2009,PHPH,CHEM,0.0
2010,PHPH,CHEM,1.0
2011,PHPH,CHEM,2.0
2012,PHPH,CHEM,0.0
2013,PHPH,CHEM,1.0
2008,PHPH,CHSE,0.0
2009,PHPH,CHSE,0.0
2010,PHPH,CHSE,0.0
2011,PHPH,CHSE,0.0
2012,PHPH,CHSE,1.0
2013,PHPH,CHSE,0.0
2008,PHPH,DPPP,5.0
2009,PHPH,DPPP,2.0
2010,PHPH,DPPP,2.0
2011,PHPH,DPPP,2.0
2012,PHPH,DPPP,0.0
2013,PHPH,DPPP,2.0
2008,PHPH,FSTA,0.0
2009,PHPH,FSTA,1.0
2010,PHPH,FSTA,0.0
2011,PHPH,FSTA,0.0
2012,PHPH,FSTA,0.0
2013,PHPH,FSTA,0.0
2008,PHPH,MATH,0.0
2009,PHPH,MATH,0.0
2010,PHPH,MATH,1.0
2011,PHPH,MATH,0.0
2012,PHPH,MATH,0.0
2013,PHPH,MATH,1.0
2008,PHPH,MDYF,4.0
2009,PHPH,MDYF,4.0
2010,PHPH,MDYF,3.0
2011,PHPH,MDYF,2.0
2012,PHPH,MDYF,1.0
2013,PHPH,MDYF,2.0
2008,PHPH,MEED,4.0
2009,PHPH,MEED,5.0
2010,PHPH,MEED,3.0
2011,PHPH,MEED,2.0
2012,PHPH,MEED,3.0
2013,PHPH,MEED,2.0
2008,PHPH,MSAD,0.0
2009,PHPH,MSAD,0.0
2010,PHPH,MSAD,1.0
2011,PHPH,MSAD,0.0
2012,PHPH,MSAD,1.0
2013,PHPH,MSAD,0.0
2008,PHPH,MVEN,0.0
2009,PHPH,MVEN,0.0
2010,PHPH,MVEN,0.0
2011,PHPH,MVEN,3.0
2012,PHPH,MVEN,4.0
2013,PHPH,MVEN,5.0
2008,PHPH,MVSF,0.0
2009,PHPH,MVSF,4.0
2010,PHPH,MVSF,4.0
2011,PHPH,MVSF,4.0
2012,PHPH,MVSF,4.0
2013,PHPH,MVSF,2.0
2008,PHPH,ORDS,1.0
2009,PHPH,ORDS,1.0
2010,PHPH,ORDS,2.0
2011,PHPH,ORDS,0.0
2012,PHPH,ORDS,0.0
2013,PHPH,ORDS,1.0
2008,PHPH,ORED,0.0
2009,PHPH,ORED,0.0
2010,PHPH,ORED,0.0
2011,PHPH,ORED,0.0
2012,PHPH,ORED,0.0
2013,PHPH,ORED,1.0
2008,PHPH,PANM,1.0
2009,PHPH,PANM,2.0
2010,PHPH,PANM,5.0
2011,PHPH,PANM,3.0
2012,PHPH,PANM,2.0
2013,PHPH,PANM,6.0
2008,PHPH,PSYC,0.0
2009,PHPH,PSYC,0.0
2010,PHPH,PSYC,1.0
2011,PHPH,PSYC,0.0
2012,PHPH,PSYC,1.0
2013,PHPH,PSYC,6.0
2008,PHPH,QUEN,0.0
2009,PHPH,QUEN,0.0
2010,PHPH,QUEN,0.0
2011,PHPH,QUEN,0.0
2012,PHPH,QUEN,1.0
2013,PHPH,QUEN,0.0
2008,PHPH,SOCS,18.0
2009,PHPH,SOCS,16.0
2010,PHPH,SOCS,20.0
2011,PHPH,SOCS,27.0
2012,PHPH,SOCS,35.0
2013,PHPH,SOCS,28.0
2008,PHPH,SSCM,3.0
2009,PHPH,SSCM,0.0
2010,PHPH,SSCM,3.0
2011,PHPH,SSCM,2.0
2012,PHPH,SSCM,4.0
2013,PHPH,SSCM,5.0
2008,PHPH,VESC,0.0
2009,PHPH,VESC,1.0
2010,PHPH,VESC,0.0
2011,PHPH,VESC,1.0
2012,PHPH,VESC,1.0
2013,PHPH,VESC,1.0
2008,PHYS,BIOC,2.0
2009,PHYS,BIOC,0.0
2010,PHYS,BIOC,1.0
2011,PHYS,BIOC,2.0
2012,PHYS,BIOC,2.0
2013,PHYS,BIOC,1.0
2008,PHYS,BISC,1.0
2009,PHYS,BISC,0.0
2010,PHYS,BISC,2.0
2011,PHYS,BISC,0.0
2012,PHYS,BISC,2.0
2013,PHYS,BISC,1.0
2008,PHYS,BRDC,7.0
2009,PHYS,BRDC,6.0
2010,PHYS,BRDC,2.0
2011,PHYS,BRDC,2.0
2012,PHYS,BRDC,1.0
2013,PHYS,BRDC,2.0
2008,PHYS,CHEM,9.0
2009,PHYS,CHEM,8.0
2010,PHYS,CHEM,5.0
2011,PHYS,CHEM,11.0
2012,PHYS,CHEM,13.0
2013,PHYS,CHEM,22.0
2008,PHYS,CRSM,0.0
2009,PHYS,CRSM,0.0
2010,PHYS,CRSM,0.0
2011,PHYS,CRSM,1.0
2012,PHYS,CRSM,0.0
2013,PHYS,CRSM,0.0
2008,PHYS,DPPP,0.0
2009,PHYS,DPPP,4.0
2010,PHYS,DPPP,1.0
2011,PHYS,DPPP,2.0
2012,PHYS,DPPP,2.0
2013,PHYS,DPPP,3.0
2008,PHYS,FINC,0.0
2009,PHYS,FINC,0.0
2010,PHYS,FINC,0.0
2011,PHYS,FINC,0.0
2012,PHYS,FINC,1.0
2013,PHYS,FINC,0.0
2008,PHYS,GELY,0.0
2009,PHYS,GELY,1.0
2010,PHYS,GELY,1.0
2011,PHYS,GELY,0.0
2012,PHYS,GELY,4.0
2013,PHYS,GELY,2.0
2008,PHYS,ISYS,1.0
2009,PHYS,ISYS,1.0
2010,PHYS,ISYS,1.0
2011,PHYS,ISYS,0.0
2012,PHYS,ISYS,1.0
2013,PHYS,ISYS,0.0
2008,PHYS,MATH,0.0
2009,PHYS,MATH,3.0
2010,PHYS,MATH,2.0
2011,PHYS,MATH,4.0
2012,PHYS,MATH,2.0
2013,PHYS,MATH,7.0
2008,PHYS,MEED,0.0
2009,PHYS,MEED,0.0
2010,PHYS,MEED,0.0
2011,PHYS,MEED,1.0
2012,PHYS,MEED,0.0
2013,PHYS,MEED,1.0
2008,PHYS,MVEN,37.0
2009,PHYS,MVEN,34.0
2010,PHYS,MVEN,23.0
2011,PHYS,MVEN,26.0
2012,PHYS,MVEN,32.0
2013,PHYS,MVEN,22.0
2008,PHYS,MVSF,0.0
2009,PHYS,MVSF,0.0
2010,PHYS,MVSF,0.0
2011,PHYS,MVSF,0.0
2012,PHYS,MVSF,1.0
2013,PHYS,MVSF,1.0
2008,PHYS,NSQI,1.0
2009,PHYS,NSQI,2.0
2010,PHYS,NSQI,0.0
2011,PHYS,NSQI,0.0
2012,PHYS,NSQI,0.0
2013,PHYS,NSQI,0.0
2008,PHYS,ORDS,2.0
2009,PHYS,ORDS,3.0
2010,PHYS,ORDS,0.0
2011,PHYS,ORDS,1.0
2012,PHYS,ORDS,1.0
2013,PHYS,ORDS,2.0
2008,PHYS,PANM,0.0
2009,PHYS,PANM,0.0
2010,PHYS,PANM,1.0
2011,PHYS,PANM,2.0
2012,PHYS,PANM,1.0
2013,PHYS,PANM,4.0
2008,PHYS,QUEN,2.0
2009,PHYS,QUEN,5.0
2010,PHYS,QUEN,3.0
2011,PHYS,QUEN,2.0
2012,PHYS,QUEN,1.0
2013,PHYS,QUEN,8.0
2008,PHYS,SART,1.0
2009,PHYS,SART,0.0
2010,PHYS,SART,0.0
2011,PHYS,SART,0.0
2012,PHYS,SART,0.0
2013,PHYS,SART,0.0
2008,PHYS,SOCS,1.0
2009,PHYS,SOCS,0.0
2010,PHYS,SOCS,2.0
2011,PHYS,SOCS,2.0
2012,PHYS,SOCS,1.0
2013,PHYS,SOCS,3.0
2008,PHYS,SSCM,0.0
2009,PHYS,SSCM,0.0
2010,PHYS,SSCM,0.0
2011,PHYS,SSCM,1.0
2012,PHYS,SSCM,1.0
2013,PHYS,SSCM,0.0
2008,PHYS,VICH,0.0
2009,PHYS,VICH,0.0
2010,PHYS,VICH,0.0
2011,PHYS,VICH,0.0
2012,PHYS,VICH,0.0
2013,PHYS,VICH,1.0
2008,PROM,SOCS,0.0
2009,PROM,SOCS,0.0
2010,PROM,SOCS,0.0
2011,PROM,SOCS,0.0
2012,PROM,SOCS,1.0
2013,PROM,SOCS,0.0
2008,PSYC,BISC,0.0
2009,PSYC,BISC,0.0
2010,PSYC,BISC,1.0
2011,PSYC,BISC,2.0
2012,PSYC,BISC,1.0
2013,PSYC,BISC,2.0
2008,PSYC,CHEM,0.0
2009,PSYC,CHEM,0.0
2010,PSYC,CHEM,1.0
2011,PSYC,CHEM,0.0
2012,PSYC,CHEM,0.0
2013,PSYC,CHEM,0.0
2008,PSYC,DPPP,0.0
2009,PSYC,DPPP,0.0
2010,PSYC,DPPP,1.0
2011,PSYC,DPPP,0.0
2012,PSYC,DPPP,0.0
2013,PSYC,DPPP,0.0
2008,PSYC,EDUC,0.0
2009,PSYC,EDUC,0.0
2010,PSYC,EDUC,2.0
2011,PSYC,EDUC,1.0
2012,PSYC,EDUC,0.0
2013,PSYC,EDUC,0.0
2008,PSYC,EFIM,0.0
2009,PSYC,EFIM,0.0
2010,PSYC,EFIM,0.0
2011,PSYC,EFIM,0.0
2012,PSYC,EFIM,0.0
2013,PSYC,EFIM,1.0
2008,PSYC,INOV,1.0
2009,PSYC,INOV,0.0
2010,PSYC,INOV,0.0
2011,PSYC,INOV,0.0
2012,PSYC,INOV,0.0
2013,PSYC,INOV,0.0
2008,PSYC,MEED,0.0
2009,PSYC,MEED,0.0
2010,PSYC,MEED,0.0
2011,PSYC,MEED,1.0
2012,PSYC,MEED,1.0
2013,PSYC,MEED,0.0
2008,PSYC,MVEN,1.0
2009,PSYC,MVEN,0.0
2010,PSYC,MVEN,2.0
2011,PSYC,MVEN,0.0
2012,PSYC,MVEN,0.0
2013,PSYC,MVEN,2.0
2008,PSYC,ORDS,5.0
2009,PSYC,ORDS,0.0
2010,PSYC,ORDS,2.0
2011,PSYC,ORDS,1.0
2012,PSYC,ORDS,1.0
2013,PSYC,ORDS,0.0
2008,PSYC,PHPH,0.0
2009,PSYC,PHPH,0.0
2010,PSYC,PHPH,1.0
2011,PSYC,PHPH,0.0
2012,PSYC,PHPH,1.0
2013,PSYC,PHPH,6.0
2008,PSYC,QUEN,0.0
2009,PSYC,QUEN,0.0
2010,PSYC,QUEN,1.0
2011,PSYC,QUEN,1.0
2012,PSYC,QUEN,2.0
2013,PSYC,QUEN,4.0
2008,PSYC,SOCS,3.0
2009,PSYC,SOCS,5.0
2010,PSYC,SOCS,1.0
2011,PSYC,SOCS,9.0
2012,PSYC,SOCS,7.0
2013,PSYC,SOCS,8.0
2008,PSYC,SSCM,7.0
2009,PSYC,SSCM,11.0
2010,PSYC,SSCM,9.0
2011,PSYC,SSCM,6.0
2012,PSYC,SSCM,20.0
2013,PSYC,SSCM,26.0
2008,PSYC,VESC,0.0
2009,PSYC,VESC,0.0
2010,PSYC,VESC,0.0
2011,PSYC,VESC,0.0
2012,PSYC,VESC,1.0
2013,PSYC,VESC,0.0
2008,PSYC,VICH,0.0
2009,PSYC,VICH,0.0
2010,PSYC,VICH,2.0
2011,PSYC,VICH,0.0
2012,PSYC,VICH,0.0
2013,PSYC,VICH,0.0
2008,QUEN,BIOC,0.0
2009,QUEN,BIOC,0.0
2010,QUEN,BIOC,0.0
2011,QUEN,BIOC,0.0
2012,QUEN,BIOC,1.0
2013,QUEN,BIOC,0.0
2008,QUEN,BISC,0.0
2009,QUEN,BISC,0.0
2010,QUEN,BISC,1.0
2011,QUEN,BISC,1.0
2012,QUEN,BISC,1.0
2013,QUEN,BISC,1.0
2008,QUEN,CHEM,1.0
2009,QUEN,CHEM,1.0
2010,QUEN,CHEM,2.0
2011,QUEN,CHEM,5.0
2012,QUEN,CHEM,2.0
2013,QUEN,CHEM,6.0
2008,QUEN,DPPP,2.0
2009,QUEN,DPPP,9.0
2010,QUEN,DPPP,3.0
2011,QUEN,DPPP,2.0
2012,QUEN,DPPP,2.0
2013,QUEN,DPPP,3.0
2008,QUEN,EDUC,0.0
2009,QUEN,EDUC,0.0
2010,QUEN,EDUC,0.0
2011,QUEN,EDUC,0.0
2012,QUEN,EDUC,0.0
2013,QUEN,EDUC,1.0
2008,QUEN,EFIM,0.0
2009,QUEN,EFIM,0.0
2010,QUEN,EFIM,0.0
2011,QUEN,EFIM,0.0
2012,QUEN,EFIM,1.0
2013,QUEN,EFIM,0.0
2008,QUEN,ENGF,3.0
2009,QUEN,ENGF,4.0
2010,QUEN,ENGF,2.0
2011,QUEN,ENGF,6.0
2012,QUEN,ENGF,3.0
2013,QUEN,ENGF,7.0
2008,QUEN,FSTA,0.0
2009,QUEN,FSTA,0.0
2010,QUEN,FSTA,0.0
2011,QUEN,FSTA,0.0
2012,QUEN,FSTA,1.0
2013,QUEN,FSTA,0.0
2008,QUEN,GELY,2.0
2009,QUEN,GELY,3.0
2010,QUEN,GELY,0.0
2011,QUEN,GELY,3.0
2012,QUEN,GELY,1.0
2013,QUEN,GELY,3.0
2008,QUEN,GEOG,0.0
2009,QUEN,GEOG,2.0
2010,QUEN,GEOG,0.0
2011,QUEN,GEOG,4.0
2012,QUEN,GEOG,3.0
2013,QUEN,GEOG,7.0
2008,QUEN,GSEN,0.0
2009,QUEN,GSEN,0.0
2010,QUEN,GSEN,3.0
2011,QUEN,GSEN,1.0
2012,QUEN,GSEN,2.0
2013,QUEN,GSEN,5.0
2008,QUEN,HUMS,1.0
2009,QUEN,HUMS,0.0
2010,QUEN,HUMS,0.0
2011,QUEN,HUMS,0.0
2012,QUEN,HUMS,0.0
2013,QUEN,HUMS,0.0
2008,QUEN,IMAN,0.0
2009,QUEN,IMAN,0.0
2010,QUEN,IMAN,0.0
2011,QUEN,IMAN,0.0
2012,QUEN,IMAN,1.0
2013,QUEN,IMAN,0.0
2008,QUEN,INOV,0.0
2009,QUEN,INOV,0.0
2010,QUEN,INOV,0.0
2011,QUEN,INOV,0.0
2012,QUEN,INOV,1.0
2013,QUEN,INOV,0.0
2008,QUEN,ISYS,0.0
2009,QUEN,ISYS,0.0
2010,QUEN,ISYS,0.0
2011,QUEN,ISYS,0.0
2012,QUEN,ISYS,0.0
2013,QUEN,ISYS,1.0
2008,QUEN,ITEL,1.0
2009,QUEN,ITEL,0.0
2010,QUEN,ITEL,0.0
2011,QUEN,ITEL,0.0
2012,QUEN,ITEL,0.0
2013,QUEN,ITEL,0.0
2008,QUEN,LAWD,1.0
2009,QUEN,LAWD,0.0
2010,QUEN,LAWD,0.0
2011,QUEN,LAWD,0.0
2012,QUEN,LAWD,0.0
2013,QUEN,LAWD,0.0
2008,QUEN,MATH,1.0
2009,QUEN,MATH,0.0
2010,QUEN,MATH,0.0
2011,QUEN,MATH,0.0
2012,QUEN,MATH,1.0
2013,QUEN,MATH,1.0
2008,QUEN,MDYF,1.0
2009,QUEN,MDYF,1.0
2010,QUEN,MDYF,0.0
2011,QUEN,MDYF,2.0
2012,QUEN,MDYF,1.0
2013,QUEN,MDYF,0.0
2008,QUEN,MVEN,27.0
2009,QUEN,MVEN,23.0
2010,QUEN,MVEN,24.0
2011,QUEN,MVEN,22.0
2012,QUEN,MVEN,29.0
2013,QUEN,MVEN,27.0
2008,QUEN,NCCC,8.0
2009,QUEN,NCCC,13.0
2010,QUEN,NCCC,5.0
2011,QUEN,NCCC,8.0
2012,QUEN,NCCC,12.0
2013,QUEN,NCCC,9.0
2008,QUEN,ORDS,4.0
2009,QUEN,ORDS,4.0
2010,QUEN,ORDS,0.0
2011,QUEN,ORDS,2.0
2012,QUEN,ORDS,1.0
2013,QUEN,ORDS,1.0
2008,QUEN,PANM,0.0
2009,QUEN,PANM,0.0
2010,QUEN,PANM,0.0
2011,QUEN,PANM,1.0
2012,QUEN,PANM,2.0
2013,QUEN,PANM,2.0
2008,QUEN,PHPH,0.0
2009,QUEN,PHPH,0.0
2010,QUEN,PHPH,0.0
2011,QUEN,PHPH,0.0
2012,QUEN,PHPH,1.0
2013,QUEN,PHPH,0.0
2008,QUEN,PHYS,2.0
2009,QUEN,PHYS,5.0
2010,QUEN,PHYS,3.0
2011,QUEN,PHYS,2.0
2012,QUEN,PHYS,1.0
2013,QUEN,PHYS,8.0
2008,QUEN,PSYC,0.0
2009,QUEN,PSYC,0.0
2010,QUEN,PSYC,1.0
2011,QUEN,PSYC,1.0
2012,QUEN,PSYC,2.0
2013,QUEN,PSYC,4.0
2008,QUEN,READ,1.0
2009,QUEN,READ,0.0
2010,QUEN,READ,0.0
2011,QUEN,READ,0.0
2012,QUEN,READ,0.0
2013,QUEN,READ,0.0
2008,QUEN,SART,1.0
2009,QUEN,SART,0.0
2010,QUEN,SART,1.0
2011,QUEN,SART,0.0
2012,QUEN,SART,0.0
2013,QUEN,SART,0.0
2008,QUEN,SITG,0.0
2009,QUEN,SITG,0.0
2010,QUEN,SITG,1.0
2011,QUEN,SITG,0.0
2012,QUEN,SITG,0.0
2013,QUEN,SITG,0.0
2008,QUEN,SOCS,1.0
2009,QUEN,SOCS,0.0
2010,QUEN,SOCS,0.0
2011,QUEN,SOCS,2.0
2012,QUEN,SOCS,2.0
2013,QUEN,SOCS,1.0
2008,QUEN,SSCM,2.0
2009,QUEN,SSCM,0.0
2010,QUEN,SSCM,0.0
2011,QUEN,SSCM,0.0
2012,QUEN,SSCM,1.0
2013,QUEN,SSCM,0.0
2008,QUEN,VESC,1.0
2009,QUEN,VESC,0.0
2010,QUEN,VESC,0.0
2011,QUEN,VESC,0.0
2012,QUEN,VESC,0.0
2013,QUEN,VESC,1.0
2008,QUEN,VICH,2.0
2009,QUEN,VICH,9.0
2010,QUEN,VICH,3.0
2011,QUEN,VICH,1.0
2012,QUEN,VICH,1.0
2013,QUEN,VICH,1.0
2008,QUEN,WIDE,1.0
2009,QUEN,WIDE,0.0
2010,QUEN,WIDE,0.0
2011,QUEN,WIDE,0.0
2012,QUEN,WIDE,0.0
2013,QUEN,WIDE,0.0
2008,READ,DPPP,1.0
2009,READ,DPPP,0.0
2010,READ,DPPP,0.0
2011,READ,DPPP,0.0
2012,READ,DPPP,0.0
2013,READ,DPPP,0.0
2008,READ,HUMS,1.0
2009,READ,HUMS,0.0
2010,READ,HUMS,0.0
2011,READ,HUMS,0.0
2012,READ,HUMS,0.0
2013,READ,HUMS,0.0
2008,READ,ITEL,1.0
2009,READ,ITEL,0.0
2010,READ,ITEL,0.0
2011,READ,ITEL,0.0
2012,READ,ITEL,0.0
2013,READ,ITEL,0.0
2008,READ,LAWD,1.0
2009,READ,LAWD,0.0
2010,READ,LAWD,0.0
2011,READ,LAWD,0.0
2012,READ,LAWD,0.0
2013,READ,LAWD,0.0
2008,READ,QUEN,1.0
2009,READ,QUEN,0.0
2010,READ,QUEN,0.0
2011,READ,QUEN,0.0
2012,READ,QUEN,0.0
2013,READ,QUEN,0.0
2008,READ,SART,1.0
2009,READ,SART,0.0
2010,READ,SART,0.0
2011,READ,SART,0.0
2012,READ,SART,0.0
2013,READ,SART,0.0
2008,READ,VICH,1.0
2009,READ,VICH,0.0
2010,READ,VICH,0.0
2011,READ,VICH,0.0
2012,READ,VICH,0.0
2013,READ,VICH,0.0
2008,READ,WIDE,1.0
2009,READ,WIDE,0.0
2010,READ,WIDE,0.0
2011,READ,WIDE,0.0
2012,READ,WIDE,0.0
2013,READ,WIDE,0.0
2008,RESS,GEOG,0.0
2009,RESS,GEOG,0.0
2010,RESS,GEOG,0.0
2011,RESS,GEOG,0.0
2012,RESS,GEOG,1.0
2013,RESS,GEOG,0.0
2008,RESS,SOCS,0.0
2009,RESS,SOCS,0.0
2010,RESS,SOCS,0.0
2011,RESS,SOCS,0.0
2012,RESS,SOCS,1.0
2013,RESS,SOCS,0.0
2008,SAFE,GEOG,0.0
2009,SAFE,GEOG,0.0
2010,SAFE,GEOG,0.0
2011,SAFE,GEOG,1.0
2012,SAFE,GEOG,0.0
2013,SAFE,GEOG,0.0
2008,SART,BISC,0.0
2009,SART,BISC,0.0
2010,SART,BISC,0.0
2011,SART,BISC,0.0
2012,SART,BISC,2.0
2013,SART,BISC,0.0
2008,SART,CHEM,0.0
2009,SART,CHEM,0.0
2010,SART,CHEM,0.0
2011,SART,CHEM,2.0
2012,SART,CHEM,3.0
2013,SART,CHEM,2.0
2008,SART,CHSE,1.0
2009,SART,CHSE,0.0
2010,SART,CHSE,0.0
2011,SART,CHSE,0.0
2012,SART,CHSE,0.0
2013,SART,CHSE,0.0
2008,SART,DPPP,1.0
2009,SART,DPPP,0.0
2010,SART,DPPP,0.0
2011,SART,DPPP,0.0
2012,SART,DPPP,0.0
2013,SART,DPPP,0.0
2008,SART,EFIM,0.0
2009,SART,EFIM,0.0
2010,SART,EFIM,1.0
2011,SART,EFIM,0.0
2012,SART,EFIM,1.0
2013,SART,EFIM,0.0
2008,SART,HUMS,2.0
2009,SART,HUMS,1.0
2010,SART,HUMS,3.0
2011,SART,HUMS,4.0
2012,SART,HUMS,1.0
2013,SART,HUMS,1.0
2008,SART,IMAN,0.0
2009,SART,IMAN,0.0
2010,SART,IMAN,0.0
2011,SART,IMAN,0.0
2012,SART,IMAN,1.0
2013,SART,IMAN,0.0
2008,SART,ISYS,0.0
2009,SART,ISYS,1.0
2010,SART,ISYS,0.0
2011,SART,ISYS,0.0
2012,SART,ISYS,0.0
2013,SART,ISYS,0.0
2008,SART,ITEL,1.0
2009,SART,ITEL,0.0
2010,SART,ITEL,0.0
2011,SART,ITEL,0.0
2012,SART,ITEL,0.0
2013,SART,ITEL,0.0
2008,SART,LAWD,1.0
2009,SART,LAWD,0.0
2010,SART,LAWD,0.0
2011,SART,LAWD,0.0
2012,SART,LAWD,0.0
2013,SART,LAWD,0.0
2008,SART,MATH,0.0
2009,SART,MATH,1.0
2010,SART,MATH,1.0
2011,SART,MATH,2.0
2012,SART,MATH,2.0
2013,SART,MATH,1.0
2008,SART,MODL,0.0
2009,SART,MODL,0.0
2010,SART,MODL,1.0
2011,SART,MODL,0.0
2012,SART,MODL,0.0
2013,SART,MODL,0.0
2008,SART,MVEN,2.0
2009,SART,MVEN,6.0
2010,SART,MVEN,11.0
2011,SART,MVEN,6.0
2012,SART,MVEN,6.0
2013,SART,MVEN,3.0
2008,SART,OPPO,0.0
2009,SART,OPPO,0.0
2010,SART,OPPO,0.0
2011,SART,OPPO,0.0
2012,SART,OPPO,1.0
2013,SART,OPPO,0.0
2008,SART,PERS,0.0
2009,SART,PERS,1.0
2010,SART,PERS,3.0
2011,SART,PERS,1.0
2012,SART,PERS,1.0
2013,SART,PERS,1.0
2008,SART,PHYS,1.0
2009,SART,PHYS,0.0
2010,SART,PHYS,0.0
2011,SART,PHYS,0.0
2012,SART,PHYS,0.0
2013,SART,PHYS,0.0
2008,SART,QUEN,1.0
2009,SART,QUEN,0.0
2010,SART,QUEN,1.0
2011,SART,QUEN,0.0
2012,SART,QUEN,0.0
2013,SART,QUEN,0.0
2008,SART,READ,1.0
2009,SART,READ,0.0
2010,SART,READ,0.0
2011,SART,READ,0.0
2012,SART,READ,0.0
2013,SART,READ,0.0
2008,SART,SOCS,0.0
2009,SART,SOCS,0.0
2010,SART,SOCS,0.0
2011,SART,SOCS,1.0
2012,SART,SOCS,0.0
2013,SART,SOCS,0.0
2008,SART,SOFM,1.0
2009,SART,SOFM,0.0
2010,SART,SOFM,0.0
2011,SART,SOFM,0.0
2012,SART,SOFM,0.0
2013,SART,SOFM,0.0
2008,SART,SSCM,0.0
2009,SART,SSCM,0.0
2010,SART,SSCM,1.0
2011,SART,SSCM,0.0
2012,SART,SSCM,2.0
2013,SART,SSCM,1.0
2008,SART,VESC,0.0
2009,SART,VESC,0.0
2010,SART,VESC,0.0
2011,SART,VESC,1.0
2012,SART,VESC,0.0
2013,SART,VESC,0.0
2008,SART,VICH,1.0
2009,SART,VICH,0.0
2010,SART,VICH,0.0
2011,SART,VICH,0.0
2012,SART,VICH,0.0
2013,SART,VICH,0.0
2008,SART,WIDE,1.0
2009,SART,WIDE,0.0
2010,SART,WIDE,0.0
2011,SART,WIDE,0.0
2012,SART,WIDE,0.0
2013,SART,WIDE,0.0
2008,SCIF,CHEM,0.0
2009,SCIF,CHEM,0.0
2010,SCIF,CHEM,0.0
2011,SCIF,CHEM,2.0
2012,SCIF,CHEM,0.0
2013,SCIF,CHEM,0.0
2008,SCIF,PANM,0.0
2009,SCIF,PANM,1.0
2010,SCIF,PANM,0.0
2011,SCIF,PANM,0.0
2012,SCIF,PANM,0.0
2013,SCIF,PANM,0.0
2008,SCIF,SOCS,0.0
2009,SCIF,SOCS,1.0
2010,SCIF,SOCS,0.0
2011,SCIF,SOCS,0.0
2012,SCIF,SOCS,0.0
2013,SCIF,SOCS,0.0
2008,SCIF,SSCM,0.0
2009,SCIF,SSCM,1.0
2010,SCIF,SSCM,0.0
2011,SCIF,SSCM,0.0
2012,SCIF,SSCM,0.0
2013,SCIF,SSCM,0.0
2008,SITG,ENGF,0.0
2009,SITG,ENGF,0.0
2010,SITG,ENGF,0.0
2011,SITG,ENGF,0.0
2012,SITG,ENGF,2.0
2013,SITG,ENGF,0.0
2008,SITG,FSTA,0.0
2009,SITG,FSTA,0.0
2010,SITG,FSTA,0.0
2011,SITG,FSTA,0.0
2012,SITG,FSTA,2.0
2013,SITG,FSTA,0.0
2008,SITG,MEED,0.0
2009,SITG,MEED,0.0
2010,SITG,MEED,1.0
2011,SITG,MEED,0.0
2012,SITG,MEED,0.0
2013,SITG,MEED,0.0
2008,SITG,MSAD,0.0
2009,SITG,MSAD,0.0
2010,SITG,MSAD,0.0
2011,SITG,MSAD,0.0
2012,SITG,MSAD,2.0
2013,SITG,MSAD,0.0
2008,SITG,QUEN,0.0
2009,SITG,QUEN,0.0
2010,SITG,QUEN,1.0
2011,SITG,QUEN,0.0
2012,SITG,QUEN,0.0
2013,SITG,QUEN,0.0
2008,SITG,SSCM,0.0
2009,SITG,SSCM,0.0
2010,SITG,SSCM,1.0
2011,SITG,SSCM,1.0
2012,SITG,SSCM,2.0
2013,SITG,SSCM,0.0
2008,SOCS,ADSI,0.0
2009,SOCS,ADSI,0.0
2010,SOCS,ADSI,0.0
2011,SOCS,ADSI,1.0
2012,SOCS,ADSI,0.0
2013,SOCS,ADSI,0.0
2008,SOCS,ATHF,0.0
2009,SOCS,ATHF,1.0
2010,SOCS,ATHF,1.0
2011,SOCS,ATHF,4.0
2012,SOCS,ATHF,0.0
2013,SOCS,ATHF,2.0
2008,SOCS,BIOC,5.0
2009,SOCS,BIOC,8.0
2010,SOCS,BIOC,12.0
2011,SOCS,BIOC,11.0
2012,SOCS,BIOC,11.0
2013,SOCS,BIOC,10.0
2008,SOCS,BISC,1.0
2009,SOCS,BISC,1.0
2010,SOCS,BISC,1.0
2011,SOCS,BISC,0.0
2012,SOCS,BISC,1.0
2013,SOCS,BISC,1.0
2008,SOCS,BRDC,0.0
2009,SOCS,BRDC,0.0
2010,SOCS,BRDC,0.0
2011,SOCS,BRDC,0.0
2012,SOCS,BRDC,0.0
2013,SOCS,BRDC,1.0
2008,SOCS,CHEM,2.0
2009,SOCS,CHEM,1.0
2010,SOCS,CHEM,4.0
2011,SOCS,CHEM,3.0
2012,SOCS,CHEM,3.0
2013,SOCS,CHEM,3.0
2008,SOCS,CHSE,6.0
2009,SOCS,CHSE,3.0
2010,SOCS,CHSE,1.0
2011,SOCS,CHSE,1.0
2012,SOCS,CHSE,2.0
2013,SOCS,CHSE,1.0
2008,SOCS,DPPP,0.0
2009,SOCS,DPPP,1.0
2010,SOCS,DPPP,0.0
2011,SOCS,DPPP,0.0
2012,SOCS,DPPP,1.0
2013,SOCS,DPPP,0.0
2008,SOCS,EDUC,0.0
2009,SOCS,EDUC,1.0
2010,SOCS,EDUC,2.0
2011,SOCS,EDUC,1.0
2012,SOCS,EDUC,1.0
2013,SOCS,EDUC,1.0
2008,SOCS,ENGF,0.0
2009,SOCS,ENGF,0.0
2010,SOCS,ENGF,1.0
2011,SOCS,ENGF,1.0
2012,SOCS,ENGF,1.0
2013,SOCS,ENGF,0.0
2008,SOCS,FINC,0.0
2009,SOCS,FINC,1.0
2010,SOCS,FINC,0.0
2011,SOCS,FINC,0.0
2012,SOCS,FINC,0.0
2013,SOCS,FINC,0.0
2008,SOCS,FSTA,0.0
2009,SOCS,FSTA,1.0
2010,SOCS,FSTA,0.0
2011,SOCS,FSTA,0.0
2012,SOCS,FSTA,0.0
2013,SOCS,FSTA,0.0
2008,SOCS,GELY,0.0
2009,SOCS,GELY,0.0
2010,SOCS,GELY,0.0
2011,SOCS,GELY,1.0
2012,SOCS,GELY,0.0
2013,SOCS,GELY,1.0
2008,SOCS,GEOG,0.0
2009,SOCS,GEOG,0.0
2010,SOCS,GEOG,0.0
2011,SOCS,GEOG,0.0
2012,SOCS,GEOG,2.0
2013,SOCS,GEOG,0.0
2008,SOCS,HUMS,0.0
2009,SOCS,HUMS,0.0
2010,SOCS,HUMS,0.0
2011,SOCS,HUMS,1.0
2012,SOCS,HUMS,0.0
2013,SOCS,HUMS,0.0
2008,SOCS,IMAN,0.0
2009,SOCS,IMAN,0.0
2010,SOCS,IMAN,0.0
2011,SOCS,IMAN,0.0
2012,SOCS,IMAN,1.0
2013,SOCS,IMAN,0.0
2008,SOCS,IPSS,0.0
2009,SOCS,IPSS,2.0
2010,SOCS,IPSS,1.0
2011,SOCS,IPSS,0.0
2012,SOCS,IPSS,0.0
2013,SOCS,IPSS,0.0
2008,SOCS,ISYS,0.0
2009,SOCS,ISYS,4.0
2010,SOCS,ISYS,2.0
2011,SOCS,ISYS,4.0
2012,SOCS,ISYS,0.0
2013,SOCS,ISYS,0.0
2008,SOCS,LANG,0.0
2009,SOCS,LANG,0.0
2010,SOCS,LANG,0.0
2011,SOCS,LANG,1.0
2012,SOCS,LANG,0.0
2013,SOCS,LANG,0.0
2008,SOCS,LAWD,0.0
2009,SOCS,LAWD,0.0
2010,SOCS,LAWD,0.0
2011,SOCS,LAWD,0.0
2012,SOCS,LAWD,1.0
2013,SOCS,LAWD,0.0
2008,SOCS,MATH,0.0
2009,SOCS,MATH,0.0
2010,SOCS,MATH,0.0
2011,SOCS,MATH,0.0
2012,SOCS,MATH,0.0
2013,SOCS,MATH,2.0
2008,SOCS,MDYF,1.0
2009,SOCS,MDYF,0.0
2010,SOCS,MDYF,3.0
2011,SOCS,MDYF,1.0
2012,SOCS,MDYF,3.0
2013,SOCS,MDYF,2.0
2008,SOCS,MEED,8.0
2009,SOCS,MEED,6.0
2010,SOCS,MEED,10.0
2011,SOCS,MEED,11.0
2012,SOCS,MEED,15.0
2013,SOCS,MEED,14.0
2008,SOCS,MSAD,0.0
2009,SOCS,MSAD,0.0
2010,SOCS,MSAD,1.0
2011,SOCS,MSAD,2.0
2012,SOCS,MSAD,1.0
2013,SOCS,MSAD,0.0
2008,SOCS,MVEN,10.0
2009,SOCS,MVEN,7.0
2010,SOCS,MVEN,11.0
2011,SOCS,MVEN,4.0
2012,SOCS,MVEN,6.0
2013,SOCS,MVEN,5.0
2008,SOCS,MVSF,1.0
2009,SOCS,MVSF,5.0
2010,SOCS,MVSF,2.0
2011,SOCS,MVSF,4.0
2012,SOCS,MVSF,6.0
2013,SOCS,MVSF,4.0
2008,SOCS,NCCC,0.0
2009,SOCS,NCCC,0.0
2010,SOCS,NCCC,0.0
2011,SOCS,NCCC,0.0
2012,SOCS,NCCC,1.0
2013,SOCS,NCCC,1.0
2008,SOCS,ORDS,11.0
2009,SOCS,ORDS,9.0
2010,SOCS,ORDS,15.0
2011,SOCS,ORDS,17.0
2012,SOCS,ORDS,17.0
2013,SOCS,ORDS,11.0
2008,SOCS,ORED,1.0
2009,SOCS,ORED,0.0
2010,SOCS,ORED,0.0
2011,SOCS,ORED,0.0
2012,SOCS,ORED,0.0
2013,SOCS,ORED,0.0
2008,SOCS,PANM,33.0
2009,SOCS,PANM,23.0
2010,SOCS,PANM,39.0
2011,SOCS,PANM,37.0
2012,SOCS,PANM,43.0
2013,SOCS,PANM,55.0
2008,SOCS,PERS,0.0
2009,SOCS,PERS,2.0
2010,SOCS,PERS,1.0
2011,SOCS,PERS,0.0
2012,SOCS,PERS,0.0
2013,SOCS,PERS,1.0
2008,SOCS,PHPH,18.0
2009,SOCS,PHPH,16.0
2010,SOCS,PHPH,20.0
2011,SOCS,PHPH,27.0
2012,SOCS,PHPH,35.0
2013,SOCS,PHPH,28.0
2008,SOCS,PHYS,1.0
2009,SOCS,PHYS,0.0
2010,SOCS,PHYS,2.0
2011,SOCS,PHYS,2.0
2012,SOCS,PHYS,1.0
2013,SOCS,PHYS,3.0
2008,SOCS,PROM,0.0
2009,SOCS,PROM,0.0
2010,SOCS,PROM,0.0
2011,SOCS,PROM,0.0
2012,SOCS,PROM,1.0
2013,SOCS,PROM,0.0
2008,SOCS,PSYC,3.0
2009,SOCS,PSYC,5.0
2010,SOCS,PSYC,1.0
2011,SOCS,PSYC,9.0
2012,SOCS,PSYC,7.0
2013,SOCS,PSYC,8.0
2008,SOCS,QUEN,1.0
2009,SOCS,QUEN,0.0
2010,SOCS,QUEN,0.0
2011,SOCS,QUEN,2.0
2012,SOCS,QUEN,2.0
2013,SOCS,QUEN,1.0
2008,SOCS,RESS,0.0
2009,SOCS,RESS,0.0
2010,SOCS,RESS,0.0
2011,SOCS,RESS,0.0
2012,SOCS,RESS,1.0
2013,SOCS,RESS,0.0
2008,SOCS,SART,0.0
2009,SOCS,SART,0.0
2010,SOCS,SART,0.0
2011,SOCS,SART,1.0
2012,SOCS,SART,0.0
2013,SOCS,SART,0.0
2008,SOCS,SCIF,0.0
2009,SOCS,SCIF,1.0
2010,SOCS,SCIF,0.0
2011,SOCS,SCIF,0.0
2012,SOCS,SCIF,0.0
2013,SOCS,SCIF,0.0
2008,SOCS,SOFM,0.0
2009,SOCS,SOFM,0.0
2010,SOCS,SOFM,0.0
2011,SOCS,SOFM,0.0
2012,SOCS,SOFM,0.0
2013,SOCS,SOFM,1.0
2008,SOCS,SPOL,2.0
2009,SOCS,SPOL,3.0
2010,SOCS,SPOL,5.0
2011,SOCS,SPOL,6.0
2012,SOCS,SPOL,4.0
2013,SOCS,SPOL,8.0
2008,SOCS,SSCM,48.0
2009,SOCS,SSCM,65.0
2010,SOCS,SSCM,61.0
2011,SOCS,SSCM,77.0
2012,SOCS,SSCM,86.0
2013,SOCS,SSCM,100.0
2008,SOCS,STHE,0.0
2009,SOCS,STHE,1.0
2010,SOCS,STHE,0.0
2011,SOCS,STHE,1.0
2012,SOCS,STHE,0.0
2013,SOCS,STHE,0.0
2008,SOCS,VESC,1.0
2009,SOCS,VESC,2.0
2010,SOCS,VESC,2.0
2011,SOCS,VESC,3.0
2012,SOCS,VESC,6.0
2013,SOCS,VESC,5.0
2008,SOCS,VICH,0.0
2009,SOCS,VICH,0.0
2010,SOCS,VICH,0.0
2011,SOCS,VICH,0.0
2012,SOCS,VICH,1.0
2013,SOCS,VICH,0.0
2008,SOFM,CHEM,0.0
2009,SOFM,CHEM,2.0
2010,SOFM,CHEM,0.0
2011,SOFM,CHEM,0.0
2012,SOFM,CHEM,0.0
2013,SOFM,CHEM,0.0
2008,SOFM,SART,1.0
2009,SOFM,SART,0.0
2010,SOFM,SART,0.0
2011,SOFM,SART,0.0
2012,SOFM,SART,0.0
2013,SOFM,SART,0.0
2008,SOFM,SOCS,0.0
2009,SOFM,SOCS,0.0
2010,SOFM,SOCS,0.0
2011,SOFM,SOCS,0.0
2012,SOFM,SOCS,0.0
2013,SOFM,SOCS,1.0
2008,SOFM,SSCM,0.0
2009,SOFM,SSCM,0.0
2010,SOFM,SSCM,0.0
2011,SOFM,SSCM,0.0
2012,SOFM,SSCM,0.0
2013,SOFM,SSCM,1.0
2008,SPAI,DPPP,0.0
2009,SPAI,DPPP,0.0
2010,SPAI,DPPP,1.0
2011,SPAI,DPPP,0.0
2012,SPAI,DPPP,0.0
2013,SPAI,DPPP,0.0
2008,SPAI,GEOG,0.0
2009,SPAI,GEOG,1.0
2010,SPAI,GEOG,2.0
2011,SPAI,GEOG,2.0
2012,SPAI,GEOG,1.0
2013,SPAI,GEOG,1.0
2008,SPAI,HUMS,0.0
2009,SPAI,HUMS,0.0
2010,SPAI,HUMS,0.0
2011,SPAI,HUMS,1.0
2012,SPAI,HUMS,2.0
2013,SPAI,HUMS,3.0
2008,SPAI,LAWD,15.0
2009,SPAI,LAWD,15.0
2010,SPAI,LAWD,15.0
2011,SPAI,LAWD,11.0
2012,SPAI,LAWD,5.0
2013,SPAI,LAWD,6.0
2008,SPAI,MATH,0.0
2009,SPAI,MATH,0.0
2010,SPAI,MATH,0.0
2011,SPAI,MATH,0.0
2012,SPAI,MATH,0.0
2013,SPAI,MATH,1.0
2008,SPAI,SPOL,0.0
2009,SPAI,SPOL,1.0
2010,SPAI,SPOL,0.0
2011,SPAI,SPOL,0.0
2012,SPAI,SPOL,2.0
2013,SPAI,SPOL,0.0
2008,SPAI,SSCM,0.0
2009,SPAI,SSCM,0.0
2010,SPAI,SSCM,1.0
2011,SPAI,SSCM,0.0
2012,SPAI,SSCM,2.0
2013,SPAI,SSCM,0.0
2008,SPAI,VESC,0.0
2009,SPAI,VESC,0.0
2010,SPAI,VESC,0.0
2011,SPAI,VESC,1.0
2012,SPAI,VESC,0.0
2013,SPAI,VESC,0.0
2008,SPAI,VICH,0.0
2009,SPAI,VICH,0.0
2010,SPAI,VICH,1.0
2011,SPAI,VICH,0.0
2012,SPAI,VICH,0.0
2013,SPAI,VICH,0.0
2008,SPOL,ATHF,1.0
2009,SPOL,ATHF,1.0
2010,SPOL,ATHF,1.0
2011,SPOL,ATHF,0.0
2012,SPOL,ATHF,0.0
2013,SPOL,ATHF,0.0
2008,SPOL,EDUC,0.0
2009,SPOL,EDUC,0.0
2010,SPOL,EDUC,1.0
2011,SPOL,EDUC,0.0
2012,SPOL,EDUC,1.0
2013,SPOL,EDUC,0.0
2008,SPOL,EFIM,3.0
2009,SPOL,EFIM,2.0
2010,SPOL,EFIM,3.0
2011,SPOL,EFIM,3.0
2012,SPOL,EFIM,1.0
2013,SPOL,EFIM,2.0
2008,SPOL,GEOG,1.0
2009,SPOL,GEOG,0.0
2010,SPOL,GEOG,0.0
2011,SPOL,GEOG,1.0
2012,SPOL,GEOG,0.0
2013,SPOL,GEOG,0.0
2008,SPOL,IPSS,0.0
2009,SPOL,IPSS,0.0
2010,SPOL,IPSS,0.0
2011,SPOL,IPSS,0.0
2012,SPOL,IPSS,0.0
2013,SPOL,IPSS,5.0
2008,SPOL,LAWD,0.0
2009,SPOL,LAWD,1.0
2010,SPOL,LAWD,0.0
2011,SPOL,LAWD,0.0
2012,SPOL,LAWD,1.0
2013,SPOL,LAWD,1.0
2008,SPOL,MDYF,0.0
2009,SPOL,MDYF,0.0
2010,SPOL,MDYF,1.0
2011,SPOL,MDYF,3.0
2012,SPOL,MDYF,0.0
2013,SPOL,MDYF,0.0
2008,SPOL,ORDS,2.0
2009,SPOL,ORDS,4.0
2010,SPOL,ORDS,2.0
2011,SPOL,ORDS,4.0
2012,SPOL,ORDS,4.0
2013,SPOL,ORDS,1.0
2008,SPOL,SOCS,2.0
2009,SPOL,SOCS,3.0
2010,SPOL,SOCS,5.0
2011,SPOL,SOCS,6.0
2012,SPOL,SOCS,4.0
2013,SPOL,SOCS,8.0
2008,SPOL,SPAI,0.0
2009,SPOL,SPAI,1.0
2010,SPOL,SPAI,0.0
2011,SPOL,SPAI,0.0
2012,SPOL,SPAI,2.0
2013,SPOL,SPAI,0.0
2008,SPOL,SSCM,11.0
2009,SPOL,SSCM,14.0
2010,SPOL,SSCM,17.0
2011,SPOL,SSCM,37.0
2012,SPOL,SSCM,22.0
2013,SPOL,SSCM,27.0
2008,SSCM,ADMO,1.0
2009,SSCM,ADMO,0.0
2010,SSCM,ADMO,0.0
2011,SSCM,ADMO,0.0
2012,SSCM,ADMO,0.0
2013,SSCM,ADMO,0.0
2008,SSCM,ADSI,0.0
2009,SSCM,ADSI,0.0
2010,SSCM,ADSI,0.0
2011,SSCM,ADSI,0.0
2012,SSCM,ADSI,1.0
2013,SSCM,ADSI,0.0
2008,SSCM,ATHF,0.0
2009,SSCM,ATHF,1.0
2010,SSCM,ATHF,6.0
2011,SSCM,ATHF,5.0
2012,SSCM,ATHF,0.0
2013,SSCM,ATHF,3.0
2008,SSCM,BIOC,0.0
2009,SSCM,BIOC,0.0
2010,SSCM,BIOC,0.0
2011,SSCM,BIOC,2.0
2012,SSCM,BIOC,1.0
2013,SSCM,BIOC,4.0
2008,SSCM,BISC,3.0
2009,SSCM,BISC,2.0
2010,SSCM,BISC,0.0
2011,SSCM,BISC,3.0
2012,SSCM,BISC,1.0
2013,SSCM,BISC,1.0
2008,SSCM,BRDC,0.0
2009,SSCM,BRDC,0.0
2010,SSCM,BRDC,0.0
2011,SSCM,BRDC,0.0
2012,SSCM,BRDC,1.0
2013,SSCM,BRDC,0.0
2008,SSCM,CABI,0.0
2009,SSCM,CABI,0.0
2010,SSCM,CABI,0.0
2011,SSCM,CABI,0.0
2012,SSCM,CABI,0.0
2013,SSCM,CABI,1.0
2008,SSCM,CARA,0.0
2009,SSCM,CARA,0.0
2010,SSCM,CARA,0.0
2011,SSCM,CARA,0.0
2012,SSCM,CARA,1.0
2013,SSCM,CARA,0.0
2008,SSCM,CHEM,0.0
2009,SSCM,CHEM,1.0
2010,SSCM,CHEM,1.0
2011,SSCM,CHEM,2.0
2012,SSCM,CHEM,2.0
2013,SSCM,CHEM,3.0
2008,SSCM,CHSE,1.0
2009,SSCM,CHSE,1.0
2010,SSCM,CHSE,1.0
2011,SSCM,CHSE,0.0
2012,SSCM,CHSE,2.0
2013,SSCM,CHSE,0.0
2008,SSCM,EDUC,2.0
2009,SSCM,EDUC,1.0
2010,SSCM,EDUC,2.0
2011,SSCM,EDUC,1.0
2012,SSCM,EDUC,0.0
2013,SSCM,EDUC,0.0
2008,SSCM,EFIM,3.0
2009,SSCM,EFIM,0.0
2010,SSCM,EFIM,2.0
2011,SSCM,EFIM,3.0
2012,SSCM,EFIM,2.0
2013,SSCM,EFIM,11.0
2008,SSCM,ENGF,0.0
2009,SSCM,ENGF,0.0
2010,SSCM,ENGF,0.0
2011,SSCM,ENGF,0.0
2012,SSCM,ENGF,3.0
2013,SSCM,ENGF,1.0
2008,SSCM,FINC,0.0
2009,SSCM,FINC,1.0
2010,SSCM,FINC,1.0
2011,SSCM,FINC,0.0
2012,SSCM,FINC,0.0
2013,SSCM,FINC,0.0
2008,SSCM,FSTA,0.0
2009,SSCM,FSTA,0.0
2010,SSCM,FSTA,0.0
2011,SSCM,FSTA,1.0
2012,SSCM,FSTA,3.0
2013,SSCM,FSTA,0.0
2008,SSCM,GELY,0.0
2009,SSCM,GELY,0.0
2010,SSCM,GELY,0.0
2011,SSCM,GELY,0.0
2012,SSCM,GELY,2.0
2013,SSCM,GELY,2.0
2008,SSCM,GEOG,0.0
2009,SSCM,GEOG,0.0
2010,SSCM,GEOG,0.0
2011,SSCM,GEOG,1.0
2012,SSCM,GEOG,1.0
2013,SSCM,GEOG,1.0
2008,SSCM,IMAN,1.0
2009,SSCM,IMAN,0.0
2010,SSCM,IMAN,0.0
2011,SSCM,IMAN,0.0
2012,SSCM,IMAN,0.0
2013,SSCM,IMAN,1.0
2008,SSCM,IPSS,0.0
2009,SSCM,IPSS,4.0
2010,SSCM,IPSS,1.0
2011,SSCM,IPSS,0.0
2012,SSCM,IPSS,1.0
2013,SSCM,IPSS,5.0
2008,SSCM,ISYS,1.0
2009,SSCM,ISYS,4.0
2010,SSCM,ISYS,2.0
2011,SSCM,ISYS,4.0
2012,SSCM,ISYS,0.0
2013,SSCM,ISYS,0.0
2008,SSCM,LAWD,5.0
2009,SSCM,LAWD,6.0
2010,SSCM,LAWD,7.0
2011,SSCM,LAWD,3.0
2012,SSCM,LAWD,3.0
2013,SSCM,LAWD,1.0
2008,SSCM,MATH,2.0
2009,SSCM,MATH,1.0
2010,SSCM,MATH,3.0
2011,SSCM,MATH,6.0
2012,SSCM,MATH,5.0
2013,SSCM,MATH,1.0
2008,SSCM,MDYF,6.0
2009,SSCM,MDYF,4.0
2010,SSCM,MDYF,6.0
2011,SSCM,MDYF,7.0
2012,SSCM,MDYF,6.0
2013,SSCM,MDYF,10.0
2008,SSCM,MEED,4.0
2009,SSCM,MEED,5.0
2010,SSCM,MEED,3.0
2011,SSCM,MEED,4.0
2012,SSCM,MEED,6.0
2013,SSCM,MEED,5.0
2008,SSCM,MODL,0.0
2009,SSCM,MODL,0.0
2010,SSCM,MODL,1.0
2011,SSCM,MODL,0.0
2012,SSCM,MODL,0.0
2013,SSCM,MODL,0.0
2008,SSCM,MSAD,0.0
2009,SSCM,MSAD,0.0
2010,SSCM,MSAD,0.0
2011,SSCM,MSAD,0.0
2012,SSCM,MSAD,5.0
2013,SSCM,MSAD,3.0
2008,SSCM,MVEN,0.0
2009,SSCM,MVEN,0.0
2010,SSCM,MVEN,0.0
2011,SSCM,MVEN,0.0
2012,SSCM,MVEN,0.0
2013,SSCM,MVEN,3.0
2008,SSCM,MVSF,0.0
2009,SSCM,MVSF,0.0
2010,SSCM,MVSF,0.0
2011,SSCM,MVSF,1.0
2012,SSCM,MVSF,0.0
2013,SSCM,MVSF,2.0
2008,SSCM,NCCC,1.0
2009,SSCM,NCCC,0.0
2010,SSCM,NCCC,0.0
2011,SSCM,NCCC,0.0
2012,SSCM,NCCC,0.0
2013,SSCM,NCCC,2.0
2008,SSCM,ORDS,23.0
2009,SSCM,ORDS,15.0
2010,SSCM,ORDS,24.0
2011,SSCM,ORDS,23.0
2012,SSCM,ORDS,21.0
2013,SSCM,ORDS,18.0
2008,SSCM,PANM,2.0
2009,SSCM,PANM,1.0
2010,SSCM,PANM,4.0
2011,SSCM,PANM,3.0
2012,SSCM,PANM,6.0
2013,SSCM,PANM,5.0
2008,SSCM,PERS,0.0
2009,SSCM,PERS,4.0
2010,SSCM,PERS,1.0
2011,SSCM,PERS,1.0
2012,SSCM,PERS,2.0
2013,SSCM,PERS,4.0
2008,SSCM,PHPH,3.0
2009,SSCM,PHPH,0.0
2010,SSCM,PHPH,3.0
2011,SSCM,PHPH,2.0
2012,SSCM,PHPH,4.0
2013,SSCM,PHPH,5.0
2008,SSCM,PHYS,0.0
2009,SSCM,PHYS,0.0
2010,SSCM,PHYS,0.0
2011,SSCM,PHYS,1.0
2012,SSCM,PHYS,1.0
2013,SSCM,PHYS,0.0
2008,SSCM,PSYC,7.0
2009,SSCM,PSYC,11.0
2010,SSCM,PSYC,9.0
2011,SSCM,PSYC,6.0
2012,SSCM,PSYC,20.0
2013,SSCM,PSYC,26.0
2008,SSCM,QUEN,2.0
2009,SSCM,QUEN,0.0
2010,SSCM,QUEN,0.0
2011,SSCM,QUEN,0.0
2012,SSCM,QUEN,1.0
2013,SSCM,QUEN,0.0
2008,SSCM,SART,0.0
2009,SSCM,SART,0.0
2010,SSCM,SART,1.0
2011,SSCM,SART,0.0
2012,SSCM,SART,2.0
2013,SSCM,SART,1.0
2008,SSCM,SCIF,0.0
2009,SSCM,SCIF,1.0
2010,SSCM,SCIF,0.0
2011,SSCM,SCIF,0.0
2012,SSCM,SCIF,0.0
2013,SSCM,SCIF,0.0
2008,SSCM,SITG,0.0
2009,SSCM,SITG,0.0
2010,SSCM,SITG,1.0
2011,SSCM,SITG,1.0
2012,SSCM,SITG,2.0
2013,SSCM,SITG,0.0
2008,SSCM,SOCS,48.0
2009,SSCM,SOCS,65.0
2010,SSCM,SOCS,61.0
2011,SSCM,SOCS,77.0
2012,SSCM,SOCS,86.0
2013,SSCM,SOCS,100.0
2008,SSCM,SOFM,0.0
2009,SSCM,SOFM,0.0
2010,SSCM,SOFM,0.0
2011,SSCM,SOFM,0.0
2012,SSCM,SOFM,0.0
2013,SSCM,SOFM,1.0
2008,SSCM,SPAI,0.0
2009,SSCM,SPAI,0.0
2010,SSCM,SPAI,1.0
2011,SSCM,SPAI,0.0
2012,SSCM,SPAI,2.0
2013,SSCM,SPAI,0.0
2008,SSCM,SPOL,11.0
2009,SSCM,SPOL,14.0
2010,SSCM,SPOL,17.0
2011,SSCM,SPOL,37.0
2012,SSCM,SPOL,22.0
2013,SSCM,SPOL,27.0
2008,SSCM,STHE,0.0
2009,SSCM,STHE,1.0
2010,SSCM,STHE,0.0
2011,SSCM,STHE,1.0
2012,SSCM,STHE,0.0
2013,SSCM,STHE,0.0
2008,SSCM,UNPA,0.0
2009,SSCM,UNPA,0.0
2010,SSCM,UNPA,0.0
2011,SSCM,UNPA,1.0
2012,SSCM,UNPA,0.0
2013,SSCM,UNPA,0.0
2008,SSCM,VESC,3.0
2009,SSCM,VESC,4.0
2010,SSCM,VESC,3.0
2011,SSCM,VESC,7.0
2012,SSCM,VESC,7.0
2013,SSCM,VESC,14.0
2008,SSCM,VICH,0.0
2009,SSCM,VICH,0.0
2010,SSCM,VICH,0.0
2011,SSCM,VICH,0.0
2012,SSCM,VICH,1.0
2013,SSCM,VICH,0.0
2008,STHE,SOCS,0.0
2009,STHE,SOCS,1.0
2010,STHE,SOCS,0.0
2011,STHE,SOCS,1.0
2012,STHE,SOCS,0.0
2013,STHE,SOCS,0.0
2008,STHE,SSCM,0.0
2009,STHE,SSCM,1.0
2010,STHE,SSCM,0.0
2011,STHE,SSCM,1.0
2012,STHE,SSCM,0.0
2013,STHE,SSCM,0.0
2008,UNPA,SSCM,0.0
2009,UNPA,SSCM,0.0
2010,UNPA,SSCM,0.0
2011,UNPA,SSCM,1.0
2012,UNPA,SSCM,0.0
2013,UNPA,SSCM,0.0
2008,VESC,BIOC,0.0
2009,VESC,BIOC,0.0
2010,VESC,BIOC,0.0
2011,VESC,BIOC,0.0
2012,VESC,BIOC,0.0
2013,VESC,BIOC,2.0
2008,VESC,BISC,4.0
2009,VESC,BISC,7.0
2010,VESC,BISC,1.0
2011,VESC,BISC,7.0
2012,VESC,BISC,7.0
2013,VESC,BISC,2.0
2008,VESC,CHEM,0.0
2009,VESC,CHEM,1.0
2010,VESC,CHEM,1.0
2011,VESC,CHEM,1.0
2012,VESC,CHEM,0.0
2013,VESC,CHEM,0.0
2008,VESC,CHSE,0.0
2009,VESC,CHSE,0.0
2010,VESC,CHSE,0.0
2011,VESC,CHSE,0.0
2012,VESC,CHSE,1.0
2013,VESC,CHSE,4.0
2008,VESC,DPPP,0.0
2009,VESC,DPPP,0.0
2010,VESC,DPPP,0.0
2011,VESC,DPPP,1.0
2012,VESC,DPPP,0.0
2013,VESC,DPPP,0.0
2008,VESC,EDUC,5.0
2009,VESC,EDUC,8.0
2010,VESC,EDUC,3.0
2011,VESC,EDUC,6.0
2012,VESC,EDUC,5.0
2013,VESC,EDUC,6.0
2008,VESC,ENGF,0.0
2009,VESC,ENGF,0.0
2010,VESC,ENGF,1.0
2011,VESC,ENGF,0.0
2012,VESC,ENGF,0.0
2013,VESC,ENGF,0.0
2008,VESC,FSTA,0.0
2009,VESC,FSTA,1.0
2010,VESC,FSTA,0.0
2011,VESC,FSTA,0.0
2012,VESC,FSTA,0.0
2013,VESC,FSTA,0.0
2008,VESC,GELY,0.0
2009,VESC,GELY,0.0
2010,VESC,GELY,0.0
2011,VESC,GELY,0.0
2012,VESC,GELY,0.0
2013,VESC,GELY,1.0
2008,VESC,HUMS,0.0
2009,VESC,HUMS,1.0
2010,VESC,HUMS,0.0
2011,VESC,HUMS,1.0
2012,VESC,HUMS,0.0
2013,VESC,HUMS,0.0
2008,VESC,INTL,0.0
2009,VESC,INTL,0.0
2010,VESC,INTL,0.0
2011,VESC,INTL,1.0
2012,VESC,INTL,0.0
2013,VESC,INTL,0.0
2008,VESC,ISYS,0.0
2009,VESC,ISYS,0.0
2010,VESC,ISYS,1.0
2011,VESC,ISYS,0.0
2012,VESC,ISYS,0.0
2013,VESC,ISYS,0.0
2008,VESC,LAWD,0.0
2009,VESC,LAWD,0.0
2010,VESC,LAWD,0.0
2011,VESC,LAWD,0.0
2012,VESC,LAWD,1.0
2013,VESC,LAWD,0.0
2008,VESC,MATH,2.0
2009,VESC,MATH,0.0
2010,VESC,MATH,0.0
2011,VESC,MATH,1.0
2012,VESC,MATH,1.0
2013,VESC,MATH,2.0
2008,VESC,MEED,0.0
2009,VESC,MEED,0.0
2010,VESC,MEED,0.0
2011,VESC,MEED,0.0
2012,VESC,MEED,1.0
2013,VESC,MEED,0.0
2008,VESC,MVEN,0.0
2009,VESC,MVEN,0.0
2010,VESC,MVEN,0.0
2011,VESC,MVEN,2.0
2012,VESC,MVEN,0.0
2013,VESC,MVEN,2.0
2008,VESC,MVSF,0.0
2009,VESC,MVSF,1.0
2010,VESC,MVSF,1.0
2011,VESC,MVSF,2.0
2012,VESC,MVSF,0.0
2013,VESC,MVSF,0.0
2008,VESC,NCCC,0.0
2009,VESC,NCCC,0.0
2010,VESC,NCCC,0.0
2011,VESC,NCCC,0.0
2012,VESC,NCCC,1.0
2013,VESC,NCCC,0.0
2008,VESC,ORDS,1.0
2009,VESC,ORDS,0.0
2010,VESC,ORDS,0.0
2011,VESC,ORDS,0.0
2012,VESC,ORDS,0.0
2013,VESC,ORDS,0.0
2008,VESC,PANM,3.0
2009,VESC,PANM,3.0
2010,VESC,PANM,3.0
2011,VESC,PANM,0.0
2012,VESC,PANM,3.0
2013,VESC,PANM,4.0
2008,VESC,PHPH,0.0
2009,VESC,PHPH,1.0
2010,VESC,PHPH,0.0
2011,VESC,PHPH,1.0
2012,VESC,PHPH,1.0
2013,VESC,PHPH,1.0
2008,VESC,PSYC,0.0
2009,VESC,PSYC,0.0
2010,VESC,PSYC,0.0
2011,VESC,PSYC,0.0
2012,VESC,PSYC,1.0
2013,VESC,PSYC,0.0
2008,VESC,QUEN,1.0
2009,VESC,QUEN,0.0
2010,VESC,QUEN,0.0
2011,VESC,QUEN,0.0
2012,VESC,QUEN,0.0
2013,VESC,QUEN,1.0
2008,VESC,SART,0.0
2009,VESC,SART,0.0
2010,VESC,SART,0.0
2011,VESC,SART,1.0
2012,VESC,SART,0.0
2013,VESC,SART,0.0
2008,VESC,SOCS,1.0
2009,VESC,SOCS,2.0
2010,VESC,SOCS,2.0
2011,VESC,SOCS,3.0
2012,VESC,SOCS,6.0
2013,VESC,SOCS,5.0
2008,VESC,SPAI,0.0
2009,VESC,SPAI,0.0
2010,VESC,SPAI,0.0
2011,VESC,SPAI,1.0
2012,VESC,SPAI,0.0
2013,VESC,SPAI,0.0
2008,VESC,SSCM,3.0
2009,VESC,SSCM,4.0
2010,VESC,SSCM,3.0
2011,VESC,SSCM,7.0
2012,VESC,SSCM,7.0
2013,VESC,SSCM,14.0
2008,VICH,CHEM,12.0
2009,VICH,CHEM,8.0
2010,VICH,CHEM,11.0
2011,VICH,CHEM,6.0
2012,VICH,CHEM,5.0
2013,VICH,CHEM,3.0
2008,VICH,DPPP,23.0
2009,VICH,DPPP,23.0
2010,VICH,DPPP,21.0
2011,VICH,DPPP,9.0
2012,VICH,DPPP,12.0
2013,VICH,DPPP,4.0
2008,VICH,HUMS,1.0
2009,VICH,HUMS,0.0
2010,VICH,HUMS,0.0
2011,VICH,HUMS,0.0
2012,VICH,HUMS,0.0
2013,VICH,HUMS,0.0
2008,VICH,ITEL,1.0
2009,VICH,ITEL,0.0
2010,VICH,ITEL,0.0
2011,VICH,ITEL,0.0
2012,VICH,ITEL,0.0
2013,VICH,ITEL,0.0
2008,VICH,LAWD,1.0
2009,VICH,LAWD,0.0
2010,VICH,LAWD,0.0
2011,VICH,LAWD,0.0
2012,VICH,LAWD,1.0
2013,VICH,LAWD,0.0
2008,VICH,MVEN,14.0
2009,VICH,MVEN,8.0
2010,VICH,MVEN,11.0
2011,VICH,MVEN,8.0
2012,VICH,MVEN,5.0
2013,VICH,MVEN,1.0
2008,VICH,PHYS,0.0
2009,VICH,PHYS,0.0
2010,VICH,PHYS,0.0
2011,VICH,PHYS,0.0
2012,VICH,PHYS,0.0
2013,VICH,PHYS,1.0
2008,VICH,PSYC,0.0
2009,VICH,PSYC,0.0
2010,VICH,PSYC,2.0
2011,VICH,PSYC,0.0
2012,VICH,PSYC,0.0
2013,VICH,PSYC,0.0
2008,VICH,QUEN,2.0
2009,VICH,QUEN,9.0
2010,VICH,QUEN,3.0
2011,VICH,QUEN,1.0
2012,VICH,QUEN,1.0
2013,VICH,QUEN,1.0
2008,VICH,READ,1.0
2009,VICH,READ,0.0
2010,VICH,READ,0.0
2011,VICH,READ,0.0
2012,VICH,READ,0.0
2013,VICH,READ,0.0
2008,VICH,SART,1.0
2009,VICH,SART,0.0
2010,VICH,SART,0.0
2011,VICH,SART,0.0
2012,VICH,SART,0.0
2013,VICH,SART,0.0
2008,VICH,SOCS,0.0
2009,VICH,SOCS,0.0
2010,VICH,SOCS,0.0
2011,VICH,SOCS,0.0
2012,VICH,SOCS,1.0
2013,VICH,SOCS,0.0
2008,VICH,SPAI,0.0
2009,VICH,SPAI,0.0
2010,VICH,SPAI,1.0
2011,VICH,SPAI,0.0
2012,VICH,SPAI,0.0
2013,VICH,SPAI,0.0
2008,VICH,SSCM,0.0
2009,VICH,SSCM,0.0
2010,VICH,SSCM,0.0
2011,VICH,SSCM,0.0
2012,VICH,SSCM,1.0
2013,VICH,SSCM,0.0
2008,VICH,WIDE,1.0
2009,VICH,WIDE,0.0
2010,VICH,WIDE,0.0
2011,VICH,WIDE,0.0
2012,VICH,WIDE,0.0
2013,VICH,WIDE,0.0
2008,WIDE,DPPP,1.0
2009,WIDE,DPPP,0.0
2010,WIDE,DPPP,0.0
2011,WIDE,DPPP,0.0
2012,WIDE,DPPP,0.0
2013,WIDE,DPPP,0.0
2008,WIDE,GEOG,1.0
2009,WIDE,GEOG,1.0
2010,WIDE,GEOG,0.0
2011,WIDE,GEOG,1.0
2012,WIDE,GEOG,0.0
2013,WIDE,GEOG,0.0
2008,WIDE,HUMS,1.0
2009,WIDE,HUMS,0.0
2010,WIDE,HUMS,0.0
2011,WIDE,HUMS,0.0
2012,WIDE,HUMS,0.0
2013,WIDE,HUMS,0.0
2008,WIDE,ITEL,1.0
2009,WIDE,ITEL,0.0
2010,WIDE,ITEL,0.0
2011,WIDE,ITEL,0.0
2012,WIDE,ITEL,0.0
2013,WIDE,ITEL,0.0
2008,WIDE,LAWD,1.0
2009,WIDE,LAWD,0.0
2010,WIDE,LAWD,0.0
2011,WIDE,LAWD,0.0
2012,WIDE,LAWD,0.0
2013,WIDE,LAWD,0.0
2008,WIDE,QUEN,1.0
2009,WIDE,QUEN,0.0
2010,WIDE,QUEN,0.0
2011,WIDE,QUEN,0.0
2012,WIDE,QUEN,0.0
2013,WIDE,QUEN,0.0
2008,WIDE,READ,1.0
2009,WIDE,READ,0.0
2010,WIDE,READ,0.0
2011,WIDE,READ,0.0
2012,WIDE,READ,0.0
2013,WIDE,READ,0.0
2008,WIDE,SART,1.0
2009,WIDE,SART,0.0
2010,WIDE,SART,0.0
2011,WIDE,SART,0.0
2012,WIDE,SART,0.0
2013,WIDE,SART,0.0
2008,WIDE,VICH,1.0
2009,WIDE,VICH,0.0
2010,WIDE,VICH,0.0
2011,WIDE,VICH,0.0
2012,WIDE,VICH,0.0
2013,WIDE,VICH,0.0
